,n_lines,n_trafos,n_generators,n_overloads,max_loading,total_p_diff,total_q_diff
0,33,5,31,0,90.88422363236762,6.394884621840902e-14,4.3224683092072763e-13
1,33,5,31,0,89.8405134433686,2.830328564111066e-13,1.86754315715613e-12
2,31,5,32,0,98.35139597267184,5.565918096787451e-14,4.168517383125921e-13
3,32,5,31,0,91.74575717353302,-1.2848981138328478e-13,2.368475785867001e-13
4,32,5,32,0,91.73865577638414,-8.763360407707903e-14,3.552713678800501e-13
5,32,5,32,0,90.55649747411468,3.937590994003889e-14,1.4210854715202004e-13
6,33,5,31,0,85.02440468269695,1.1546319456101628e-14,1.6105635343895605e-13
7,33,5,31,0,85.13596539079505,-1.308582871691518e-13,3.742191741669861e-13
8,33,5,30,0,86.30954841561358,-3.789561257387201e-14,4.583000645652646e-13
9,32,5,31,0,77.5282122378214,2.9398705692074145e-13,1.3891110484109959e-12
10,33,5,31,0,89.84038694533342,1.0516032489249483e-12,5.168014164761796e-12
11,33,5,31,0,89.75467323322701,9.02981393361794e-14,-5.921189464667502e-15
12,33,5,30,0,93.84506812453365,-8.940996091647928e-14,1.8000415972589204e-13
13,32,5,31,0,83.03727542785327,2.930988785010413e-14,2.7829590483937256e-14
14,33,4,32,0,83.77405344929126,5.417888360170764e-14,1.6105635343895605e-13
15,33,4,32,0,83.73276698603415,8.881784197001252e-14,7.342274936187702e-14
16,33,4,32,0,93.36813347782723,-6.631732200427602e-14,-2.404002922655006e-13
17,32,5,32,0,93.3490056224262,-4.115226677943914e-14,5.435651928564766e-13
18,33,5,30,0,90.17898865727243,1.6579330501069005e-14,2.3684757858670005e-15
19,32,5,31,0,88.70576138643179,-1.8000415972589204e-13,-5.565918096787451e-14
20,33,5,31,0,87.8116646985442,-1.2671345454388452e-13,3.896142667751216e-13
21,32,4,32,0,99.99998636737753,-2.4868995751603507e-14,-3.671137468093851e-14
22,32,5,31,0,86.79873549199633,-9.562720985438015e-14,-8.467300934474527e-14
23,33,5,31,0,86.72998602562014,6.089943364410525e-13,1.9160969107664036e-12
24,33,4,31,0,99.99997450247434,6.987003568307652e-14,-8.289665250534503e-15
25,32,5,32,0,95.65126622183612,-1.687538997430238e-14,-1.4210854715202004e-13
26,31,5,32,0,96.85633177840965,-1.4802973661668755e-14,2.5934809855243657e-13
27,32,5,31,0,88.7017321182717,1.0983806456958216e-13,2.4868995751603507e-14
28,31,5,32,0,87.68837931387186,5.861977570020827e-14,1.8237263551175906e-13
29,32,5,31,0,88.60080346987291,2.877698079828406e-13,1.7899755751689857e-12
30,32,5,32,0,87.82889523979888,-4.1744385725905886e-14,-4.3816802038539514e-14
31,33,5,31,0,88.21934051361482,-5.950795411990839e-14,-8.644936618414552e-14
32,32,5,31,0,87.04379964821062,-4.085620730620576e-14,-5.861977570020827e-14
33,31,5,32,0,85.28489349125763,-1.8562928971732617e-13,5.589602854646122e-13
34,33,5,31,0,86.91160852353732,-7.519910620127727e-14,4.061935972761906e-13
35,33,5,31,0,87.51676031750083,1.0628535089078166e-12,4.0542384264578386e-12
36,33,5,31,0,87.31505674477195,1.1960802718628352e-13,9.888386405994727e-14
37,32,5,31,0,87.52859084913283,-7.223851146894351e-14,5.210646728907401e-14
38,32,5,32,0,88.2254189775604,2.102022259956963e-14,3.126388037344441e-13
39,33,5,30,0,82.81962813980628,3.262575395031793e-13,1.1795009413617663e-12
40,33,4,32,0,92.68010430811339,-7.756758198714427e-14,9.829174511348053e-14
41,33,5,31,0,88.72726245918739,-1.983598470663613e-14,7.129112115459672e-13
42,32,5,32,0,91.48347251347643,2.842170943040401e-14,4.642212540299321e-13
43,31,5,32,0,96.05956562992047,-1.5128639082225467e-13,2.7711166694643907e-13
44,31,5,32,0,91.33475395175886,1.5661546134045542e-13,5.921189464667502e-14
45,33,5,30,0,85.40893884704465,-4.292862361883939e-14,-3.730349362740526e-13
46,32,5,32,0,86.92824630663192,-4.9145872556740265e-14,2.5697962276656955e-13
47,31,5,32,0,95.01165503086881,7.697546304067752e-14,8.526512829121202e-14
48,33,4,31,0,97.51462848562204,-1.1960802718628352e-13,3.197442310920451e-13
49,31,5,32,0,97.39094839751617,-7.342274936187702e-14,5.364597654988756e-13
50,32,5,32,0,89.32272987304357,6.868579779014301e-14,-1.9539925233402755e-13
51,33,5,31,0,88.64580486955049,5.429730739100099e-13,2.3388698385436632e-12
52,32,5,32,0,89.57924380652025,-4.736951571734001e-15,-6.158037043254201e-14
53,32,5,31,0,94.55920838549511,2.019125607451618e-13,1.2481867391519093e-12
54,32,4,32,0,84.91805934277471,-3.671137468093851e-14,2.1908401019269755e-13
55,32,5,31,0,89.75492601051401,-4.500103993147301e-14,3.363235615931141e-13
56,33,5,31,0,90.55588577219126,7.105427357601002e-14,-2.1789977229976407e-13
57,31,5,32,0,91.07363053821793,-4.322468309207276e-14,1.8829382497642655e-13
58,32,5,32,0,96.80899344803697,3.138230416273776e-14,4.677739677087326e-13
59,32,5,32,0,88.56928031302003,-5.417888360170764e-14,1.9184653865522705e-13
60,32,5,32,0,85.60270287333832,-1.517674874662589e-13,1.5039821240255455e-13
61,33,5,30,0,89.97378025127016,4.3520742565306136e-13,2.042810365310288e-12
62,33,5,30,0,89.66503666661454,-7.283063041541027e-14,-2.297421512290991e-13
63,32,5,32,0,97.83493003009855,-4.500103993147301e-14,2.3447910280083306e-13
64,32,5,32,0,93.59763946155319,1.8355687340469256e-14,4.156675004196586e-13
65,33,5,30,0,85.08267729364997,-1.329307034817854e-13,-1.2434497875801753e-14
66,33,5,31,0,89.42161105367839,5.625129991434126e-15,9.710750722054702e-14
67,32,4,32,0,96.01251975689371,-6.661338147750939e-14,-8.171241461241152e-14
68,33,4,31,0,83.58789820888464,-5.950795411990839e-14,3.232969447708456e-13
69,32,5,31,0,81.53518063910234,1.5237600218635332e-08,8.197375223062409e-08
70,33,5,31,0,90.00377800572242,-4.5593158877939764e-14,4.594843024581982e-13
71,33,4,31,0,84.90649010496084,8.31927119785784e-14,3.4935017841538257e-13
72,31,5,32,0,84.46404747271737,1.6010142841101544e-08,8.570446633863564e-08
73,32,5,32,0,89.90057919527665,2.5461114698070258e-14,-8.408089039827853e-14
74,32,5,32,0,96.66337996877921,-3.523107731477163e-14,6.276460832547551e-13
75,33,4,32,0,83.72341418067307,-7.105427357601002e-14,7.342274936187702e-14
76,33,5,31,0,88.53610761919859,1.1191048088221578e-13,1.3500311979441904e-13
77,33,5,30,0,83.69256785461117,3.588240815588506e-13,1.483850079845676e-12
78,32,5,32,0,89.27063705576147,1.237528598115508e-13,-2.2500519965736505e-14
79,32,5,31,0,88.99678259334699,-4.026408835973901e-14,5.0922229396140515e-14
80,33,5,30,0,87.69007317050854,2.0576133389719567e-13,-1.4329278504495355e-13
81,33,4,31,0,82.13321748683981,2.9990824638540897e-13,1.526482643991282e-12
82,31,5,32,0,80.87273442283991,1.553779505059083e-08,8.3740202327931e-08
83,32,4,32,0,89.29293023467963,2.5461114698070258e-14,4.808005845310012e-13
84,33,5,31,0,89.54252857788317,-1.068774698372484e-13,5.802765675374152e-13
85,32,5,31,0,96.5096098617162,-4.440892098500626e-15,4.038251214903236e-13
86,33,5,30,0,88.62126468237805,3.552713678800501e-15,-3.197442310920451e-13
87,32,5,31,0,90.90872057437306,-1.412203687323199e-13,2.865855700899071e-13
88,32,5,32,0,91.77798641692132,-2.5461114698070258e-14,1.5987211554602254e-13
89,33,5,31,0,91.65417112024596,2.3684757858670007e-14,-3.0671761426977656e-13
90,33,5,31,0,91.49716983248814,-1.6283271027835628e-14,3.931669804539221e-13
91,33,5,31,0,92.93459348993288,7.875181988007777e-14,2.3447910280083306e-13
92,33,5,31,0,90.58464163676906,4.834651197901015e-13,2.3957132574044713e-12
93,33,5,31,0,92.70068433440758,1.3914795241968628e-14,3.0671761426977656e-13
94,32,5,32,0,94.15888193555219,1.4210854715202004e-14,2.368475785867001e-13
95,33,5,31,0,79.75750862155506,1.5475028665908515e-12,5.538680625249981e-12
96,33,5,30,0,80.87838698443417,4.109305488479246e-13,1.929123527588672e-12
97,33,5,31,0,84.25496918303797,3.5556742735328345e-13,1.6496433848563659e-12
98,32,5,31,0,91.4927563925168,2.2500519965736505e-14,2.2500519965736505e-14
99,31,5,32,0,87.20567050968828,2.6053233644537006e-14,8.289665250534502e-14
100,32,5,31,0,87.73532753968284,4.115226677943914e-14,3.765876499528531e-13
101,32,5,31,0,94.08841928064989,4.7369515717340014e-14,3.0316490059097606e-13
102,32,5,32,0,96.91984062512851,-1.6283271027835628e-14,4.085620730620576e-13
103,32,5,32,0,93.25885748582216,-1.3322676295501878e-13,7.508068241198392e-13
104,33,5,31,0,82.94147648126271,4.1152266779439134e-13,1.3808213831604614e-12
105,32,5,31,0,93.78991214306393,5.891583517344164e-14,5.565918096787451e-13
106,33,5,31,0,95.59548839907556,1.3381888190148553e-13,-2.0132044179869504e-13
107,32,5,31,0,90.03039545896492,3.315866100213801e-14,1.6934601868949054e-13
108,33,4,31,0,81.17583572004108,2.9665159217984183e-13,1.8403056856186595e-12
109,32,5,32,0,92.65177270817456,-8.112029566594477e-14,6.394884621840902e-14
110,33,5,30,0,78.74952681528669,1.6431300764452317e-12,5.937472735695337e-12
111,31,5,32,0,88.58584682689704,-1.8947806286936004e-14,6.513308411134251e-14
112,32,5,32,0,90.1412075103368,-1.273055734903513e-13,1.5631940186722204e-13
113,33,5,31,0,87.46723986641823,3.611925573447176e-14,3.4283687000424834e-13
114,31,5,32,0,87.3599255440773,3.0716170347962666e-14,5.554075717858117e-13
115,32,5,32,0,91.28217166445812,-1.1427895666808277e-13,4.713266813875331e-13
116,33,4,31,0,97.81751867649979,-6.750155989720952e-14,3.671137468093851e-13
117,31,5,32,0,88.56224447630174,-7.875181988007777e-14,4.3816802038539514e-14
118,31,5,32,0,76.2600754159339,1.305622276959184e-13,9.947598300641403e-14
119,32,5,31,0,90.48354362523631,3.5467924893358333e-13,1.2659503075459118e-12
120,32,5,32,0,89.87509373774263,-2.6349293117770383e-14,3.552713678800501e-14
121,33,4,31,0,86.03416661436746,1.8474111129762605e-13,4.42016793537429e-13
122,33,5,31,0,90.51753682941954,-6.217248937900877e-14,3.197442310920451e-14
123,33,5,31,0,88.79444843380583,-9.769962616701378e-15,5.258016244624741e-13
124,32,5,32,0,95.1034256105884,1.1960802718628352e-13,1.6816178079655705e-13
125,33,5,31,0,89.4052124751073,1.7171449447535753e-14,1.3026616822268503e-14
126,33,5,31,0,89.17543367059653,-3.907985046680551e-14,1.5868787765308903e-13
127,33,5,31,0,87.80576844628322,1.865174681370263e-14,-2.5224267119483557e-13
128,33,5,31,0,87.67158243761602,3.197442310920451e-14,3.919827425609886e-13
129,32,5,31,0,87.66072874873095,-3.552713678800501e-15,1.4802973661668755e-14
130,32,5,32,0,87.74992132734346,9.710750722054702e-14,2.8895404587577406e-13
131,33,4,31,0,95.31828206710344,-4.144832625267251e-15,-5.980401359314176e-14
132,31,5,32,0,87.92398966095647,2.516505522483688e-14,-1.592799965995558e-13
133,32,5,31,0,86.5106594295463,2.0132044179869504e-13,5.684341886080802e-14
134,32,5,32,0,89.15306318527819,-1.3618735768735254e-14,5.3290705182007514e-14
135,32,5,31,0,84.82281007552092,-1.3263464400855204e-13,3.671137468093851e-14
136,32,5,32,0,87.80838052424367,2.8722144070532824e-08,1.265758324819899e-07
137,32,5,32,0,85.48642253498636,-5.6251299914341267e-14,4.026408835973901e-13
138,32,5,31,0,90.60702616551853,1.0815052557215192e-12,4.314770762903208e-12
139,32,5,31,0,81.24531997689321,3.520887285427913e-12,2.0707583795835187e-11
140,32,5,32,0,92.58069044579855,-4.736951571734001e-15,2.4987419540896855e-13
141,33,3,32,0,87.37347478321429,3.848773152033876e-14,4.796163466380676e-13
142,33,5,31,0,87.05179395848461,1.1090387867322231e-12,5.538088506303514e-12
143,33,5,31,0,88.05954785282171,-2.0724163126336254e-14,-6.158037043254201e-14
144,33,5,31,0,86.83147123656003,8.881784197001252e-15,-5.092222939614052e-13
145,32,5,31,0,85.58276375587268,4.233650467237264e-13,2.4519645573188123e-12
146,31,5,32,0,86.79562855447485,4.618527782440651e-14,3.529028920941831e-13
147,32,5,31,0,85.81181226602078,2.5757174171303632e-14,5.317228139271416e-13
148,33,5,31,0,86.75823848586138,4.852414766295018e-13,2.447819724693545e-12
149,33,5,31,0,86.02135357669198,1.1291708309120925e-12,3.94824913504029e-12
150,33,5,31,0,86.01940292449525,-1.7763568394002505e-15,-2.1316282072803006e-13
151,32,5,32,0,91.1348277429881,-2.2500519965736505e-14,4.168517383125921e-13
152,33,5,31,0,88.7209931692637,5.2698586235540766e-14,-3.019806626980426e-14
153,32,5,31,0,100.00006398944443,9.172292555111501e-14,1.3287149158713873e-12
154,32,5,31,0,91.71507773064103,4.204044519913926e-13,1.644906433284632e-12
155,32,5,32,0,88.67016795528457,5.1218288869373886e-14,4.973799150320701e-14
156,32,5,31,0,87.9164130241471,7.875181988007777e-14,8.408089039827853e-14
157,33,4,32,0,97.8493303088981,-5.240252676230739e-14,4.085620730620576e-14
158,32,5,31,0,91.76692866283236,1.9303077654816056e-13,4.517867561541304e-13
159,33,5,31,0,90.3814125752841,4.0678571622265736e-13,1.58332606285209e-12
160,32,5,31,0,89.55564952770132,3.410605131648481e-13,1.805962786723588e-12
161,32,4,32,0,93.6605247343957,7.815970093361102e-14,7.697546304067751e-15
162,32,5,31,0,90.47461222436672,1.4210854715202004e-14,4.263256414560601e-14
163,33,5,30,0,88.80946231815794,1.0806170773018191e-13,4.097463109549911e-13
164,32,5,32,0,81.0971298535811,1.7271998350073165e-08,9.107919159608476e-08
165,33,5,31,0,84.70295149032924,-1.569115208136888e-14,1.734908513147578e-13
166,33,5,31,0,92.46555352125195,3.434289889507151e-14,1.3855583347321954e-13
167,33,4,31,0,97.02412227581777,-1.6105635343895605e-13,-1.9776772811989454e-13
168,32,5,32,0,81.78186053991068,1.3901647536821807e-08,7.726551369084216e-08
169,32,5,32,0,91.57407325000982,-1.1013412404281553e-13,5.092222939614052e-13
170,33,5,30,0,90.32139088541817,-1.4506914188435378e-14,-7.105427357601002e-15
171,31,5,32,0,90.30255019861242,9.681144774731365e-14,-5.921189464667502e-15
172,33,4,32,0,85.6144251482598,3.700743415417188e-14,1.474376176702208e-13
173,31,5,32,0,91.82362572115181,-6.217248937900877e-14,2.6053233644537006e-14
174,32,5,32,0,92.02599701048254,-2.0724163126336254e-14,2.8895404587577406e-13
175,32,5,31,0,85.19827165780558,-5.625129991434126e-15,1.3145040611561853e-13
176,32,5,32,0,91.73154525085742,-4.085620730620576e-14,2.3803181647963356e-13
177,33,5,30,0,82.05755149199015,4.3816802038539514e-14,-2.066495123168958e-13
178,32,5,31,0,83.03880070158846,-7.875181988007777e-14,-2.658614069635708e-13
179,32,5,32,0,90.42698773722029,1.5987211554602254e-14,5.921189464667502e-15
180,31,5,32,0,94.78674803048659,-1.865174681370263e-14,3.0671761426977656e-13
181,32,5,32,0,90.43635404673027,-1.7763568394002505e-14,2.8540133219697356e-13
182,33,5,31,0,87.651600986367,9.50350909079134e-14,6.554756737386924e-13
183,33,5,31,0,91.30448546406282,3.8310095836398733e-13,2.113864638886298e-12
184,32,5,31,0,82.30152190314531,1.5010215292932116e-13,7.271220662611692e-13
185,33,4,32,0,85.34033568800183,5.684341886080802e-14,-1.9658349022696106e-13
186,33,5,30,0,79.47691749299445,-5.980401359314176e-14,3.0612549532330985e-13
187,33,5,30,0,91.63065266588116,-2.3684757858670007e-14,3.552713678800501e-14
188,31,5,32,0,91.4864349480859,-1.0006810195288078e-13,1.1368683772161603e-13
189,33,4,32,0,86.78116252617559,-7.697546304067751e-15,1.3145040611561853e-13
190,32,5,31,0,85.31866918115625,6.346774957440478e-14,6.098825148607527e-14
191,33,5,31,0,82.9446680607133,3.3809991843251436e-13,2.319922032256727e-12
192,32,5,32,0,90.53612345484532,-4.322468309207276e-14,-1.2316074086508402e-13
193,32,5,32,0,94.54448404341989,-6.454096516487577e-14,3.754034120599196e-13
194,33,4,32,0,84.58381026062855,5.684341886080802e-14,3.742191741669861e-13
195,32,5,32,0,80.06412870323756,1.3934023120517244e-08,7.92847020629021e-08
196,32,5,32,0,90.61646495068221,1.3322676295501878e-13,8.644936618414552e-14
197,33,5,30,0,84.36524943291215,-3.789561257387201e-14,-5.0922229396140515e-14
198,32,5,31,0,88.64558601771154,3.745152336402195e-13,2.8007226167877284e-12
199,32,5,32,0,90.75394134763972,5.0330110449673766e-15,1.6579330501069005e-14
200,33,5,31,0,91.61059437761467,7.046215462954326e-14,-5.4474943074941016e-14
201,32,5,31,0,84.98953148436924,3.867276869110962e-14,2.4868995751603507e-14
202,32,4,32,0,96.31535920461528,-4.144832625267251e-14,2.8540133219697356e-13
203,31,5,32,0,90.7168183209842,2.338869838543663e-14,1.8947806286936006e-13
204,33,4,31,0,80.39836218088993,3.6296891418411786e-13,1.566746732351021e-12
205,33,5,30,0,82.85422617415009,4.51490696680897e-13,1.7840543857043183e-12
206,31,5,32,0,92.99600555312824,-1.1901590823981678e-13,3.718506983811191e-13
207,33,5,30,0,95.48212282086452,4.269177604025269e-13,1.8687273950490635e-12
208,32,5,32,0,92.75132523830823,9.651538827408028e-14,-4.855375361027351e-14
209,33,5,31,0,93.82565052287195,5.477100254817439e-14,-6.987003568307652e-14
210,31,5,32,0,93.93522047906492,5.625129991434126e-15,2.1316282072803006e-14
211,32,5,32,0,92.41797632634723,-3.967196941327226e-14,1.4980609345608778e-13
212,33,5,31,0,93.82565052287217,9.177843670234628e-15,-2.7119047748177155e-13
213,32,5,32,0,99.99996728796128,-1.6934601868949054e-13,3.552713678800501e-13
214,32,5,31,0,87.8855069144368,-7.845576040684439e-14,2.913225216616411e-13
215,32,5,31,0,97.25902911468765,1.3589129821411916e-13,4.20700511464626e-13
216,32,5,31,0,93.78729365046932,2.1908401019269757e-14,3.884300288821881e-13
217,32,5,31,0,80.98557676503204,8.961720254774264e-13,3.3715252811816754e-12
218,33,5,31,0,95.60567703168242,-4.9145872556740265e-14,5.684341886080802e-14
219,33,5,31,0,85.29519946967025,-1.0066022089934753e-14,6.631732200427602e-14
220,32,5,32,0,95.93633370186974,4.263256414560601e-14,-7.105427357601002e-14
221,32,5,32,0,94.31887644513327,2.960594732333751e-14,-4.3816802038539514e-14
222,31,5,32,0,95.72011666728903,1.1457501614131615e-13,4.760636329592671e-13
223,33,5,30,0,93.59582524259339,-3.315866100213801e-14,5.4474943074941016e-14
224,32,5,32,0,97.03222785216835,-1.1250259982868252e-14,-1.7763568394002505e-14
225,33,5,31,0,80.1320318864796,2.617165743383036e-13,1.113775738303957e-12
226,32,5,31,0,92.79837345971865,-1.1842378929335004e-14,1.3500311979441904e-13
227,32,5,31,0,93.73544594388534,2.0676793610618915e-12,9.201528428093297e-12
228,33,5,31,0,91.17208487411742,-5.0922229396140515e-14,6.276460832547552e-14
229,32,5,32,0,89.39092257630948,1.4980609345608778e-13,2.0842586915629605e-13
230,33,5,31,0,89.9887143088558,7.016609515630989e-14,2.865855700899071e-13
231,33,5,31,0,91.35048813868073,3.671137468093851e-13,2.154128727246037e-12
232,32,5,31,0,77.63041187415203,1.0539717247108153e-12,3.64034728287758e-12
233,33,5,30,0,88.72344045669452,3.813246015245871e-13,1.7976731214730535e-12
234,33,5,31,0,89.91893825003181,9.02981393361794e-14,-2.960594732333751e-14
235,32,5,31,0,89.46804806702757,2.6053233644537006e-14,-8.644936618414552e-14
236,33,5,31,0,90.14538071867295,-1.1191048088221578e-13,4.2158868988432613e-13
237,33,5,31,0,87.2495590811486,-7.697546304067751e-15,1.5158245029548803e-13
238,32,5,32,0,87.42615844980067,-4.144832625267251e-15,-4.7369515717340014e-14
239,32,5,32,0,86.50053491772066,-9.947598300641403e-14,1.4447702293788703e-13
240,32,5,32,0,88.15906233307005,-3.671137468093851e-14,5.364597654988756e-13
241,33,5,31,0,87.46980831818685,8.348877145181177e-14,-1.7053025658242404e-13
242,32,5,32,0,98.46440968367548,-5.863827941728535e-14,1.6934601868949054e-13
243,32,5,31,0,86.47372915696471,9.947598300641403e-13,4.4645768563592964e-12
244,32,5,32,0,86.09266318630903,2.2115642650533118e-13,2.1316282072803006e-14
245,32,5,32,0,98.4644096836749,3.415786172430065e-14,5.3290705182007514e-14
246,32,5,32,0,92.69722980251893,-6.276460832547552e-14,3.801403636316536e-13
247,33,5,31,0,87.67579768928361,1.5010215292932116e-13,-1.4625337977728728e-13
248,33,5,31,0,87.62430998805064,9.710750722054702e-14,-5.2698586235540766e-14
249,32,5,32,0,94.36074971074461,-1.4802973661668753e-13,2.9961218691217556e-13
250,33,5,31,0,87.86987353082235,4.973799150320701e-14,4.026408835973901e-14
251,33,5,31,0,86.77847262481791,6.010007306637514e-14,-4.026408835973901e-14
252,32,5,32,0,86.30483520589193,5.388282412847426e-14,5.2698586235540766e-14
253,33,5,31,0,86.16870176237,9.562720985438015e-14,1.1131836193574902e-13
254,33,5,31,0,87.29704512032505,2.9961218691217556e-13,1.533588071348883e-12
255,32,5,32,0,81.99968234619305,2.471203597309568e-08,1.1948191236399452e-07
256,33,4,31,0,91.81938285177351,-4.618527782440651e-14,-1.0658141036401503e-14
257,33,5,30,0,86.99999688166854,3.345472047537138e-14,-3.0790185216271006e-14
258,33,5,31,0,86.41314005143724,9.473903143468002e-15,3.1027032794857706e-13
259,33,5,30,0,86.8109695838865,6.039613253960852e-14,-7.283063041541027e-14
260,33,5,31,0,87.4145238284299,-8.822572302354577e-14,2.1967612913916432e-13
261,33,5,31,0,88.97388917672951,4.1033842990145786e-13,1.7621459846850485e-12
262,33,5,31,0,87.9595194320097,2.960594732333751e-15,-6.276460832547552e-14
263,32,5,32,0,90.08917543098437,-1.4210854715202004e-14,4.677739677087326e-13
264,31,5,32,0,90.26184385966002,-2.694141206423713e-14,2.433608869978343e-13
265,33,5,31,0,87.81485786711542,-5.003405097644039e-14,9.829174511348053e-14
266,32,4,32,0,99.9999746965345,4.144832625267251e-15,2.4868995751603507e-14
267,32,5,31,0,79.72957100095559,3.2388906371731235e-13,1.2079226507921703e-12
268,32,5,32,0,88.64086343855345,7.60872846209774e-14,2.7711166694643907e-13
269,32,5,32,0,91.58497904989676,-1.7763568394002505e-14,7.531752999057062e-13
270,33,5,31,0,88.55622948193825,5.3290705182007514e-14,-9.473903143468002e-15
271,31,5,32,0,93.08197246348121,1.3737159558028603e-13,-7.460698725481052e-14
272,32,5,32,0,91.79202957437226,2.398081733190338e-14,3.315866100213801e-14
273,32,5,32,0,91.90362130137467,-8.023211724624464e-14,3.4935017841538257e-13
274,32,5,32,0,91.90362130137359,-6.394884621840902e-14,4.156675004196586e-13
275,33,5,31,0,89.68907292966804,1.817805165652923e-13,-1.2671345454388452e-13
276,32,5,31,0,76.93008662356112,9.444297196144665e-14,8.680463755202558e-13
277,33,5,31,0,90.41075944912488,-4.677739677087326e-14,2.0724163126336256e-13
278,33,5,31,0,90.41075944912502,-3.848773152033876e-14,6.489623653275581e-13
279,33,5,31,0,93.27988520559887,6.169879422183536e-13,2.229919952393781e-12
280,32,5,31,0,90.38633820353049,6.794564910705958e-13,3.139414654166709e-12
281,32,5,32,0,99.99996491497264,1.1842378929335004e-14,1.5158245029548803e-13
282,33,5,31,0,83.00302778099102,1.2612133559741778e-13,1.2742399727964464e-12
283,32,5,31,0,94.8596090655046,8.132753729720813e-13,2.903751313472943e-12
284,31,5,32,0,99.99998738988224,-6.631732200427602e-14,1.6224059133188953e-13
285,33,5,31,0,92.97480237512,-7.401486830834377e-14,1.3500311979441904e-13
286,32,5,32,0,89.74694221441536,-3.138230416273776e-14,-3.315866100213801e-14
287,32,5,32,0,95.2900188632582,-9.947598300641403e-14,2.6408505012417055e-13
288,31,5,32,0,96.04172514654762,-1.2434497875801753e-14,1.2434497875801753e-14
289,32,5,32,0,95.33354926659989,2.2500519965736505e-14,1.2789769243681803e-13
290,32,5,32,0,95.15331949083078,1.0628535089078166e-13,1.9539925233402755e-13
291,32,5,31,0,94.57414208089008,1.0054179711005418e-12,3.4591588852587543e-12
292,33,5,30,0,94.45006450384437,1.01666823108341e-12,3.3217872896784684e-12
293,31,5,32,0,85.56914307883041,-2.842170943040401e-14,3.943512183468556e-13
294,32,5,32,0,99.90840061726234,5.684341886080802e-14,2.936909974475081e-13
295,32,5,31,0,89.25469560323306,1.415164282055533e-13,3.694822225952521e-13
296,33,5,30,0,89.13844618770297,-7.25345709421769e-14,8.052817671947803e-14
297,33,5,31,0,92.15279437246032,5.654735938757464e-13,2.414661063691407e-12
298,32,5,31,0,96.97918625222034,2.187879507194642e-13,1.569115208136888e-12
299,33,5,31,0,95.56073055483577,4.076738946423575e-13,1.2387128360084414e-12
300,33,5,30,0,79.6075104062607,-1.4802973661668755e-14,-1.2316074086508402e-13
301,32,5,32,0,90.5735826689809,1.0628535089078166e-13,8.763360407707903e-14
302,32,5,32,0,97.10662031907813,-5.980401359314176e-14,1.6342482922482304e-13
303,33,5,30,0,88.34193904710344,-6.809367884367627e-15,-9.473903143468002e-15
304,33,5,30,0,80.82514731699669,9.414691248821327e-14,-2.2737367544323206e-13
305,32,5,32,0,94.00989498393162,8.881784197001252e-14,-8.526512829121202e-14
306,32,5,31,0,85.78830572381399,5.388282412847426e-14,7.614649651562407e-13
307,33,5,30,0,79.37749002561105,9.50350909079134e-14,1.959913712804943e-13
308,32,5,32,0,78.7483050207147,2.398081733190338e-14,-3.671137468093851e-14
309,33,4,32,0,82.2205071521957,-8.08242361927114e-14,3.611925573447176e-13
310,33,5,30,0,82.82864295987963,1.380525323687228e-12,5.0025169192243384e-12
311,32,5,31,0,91.38135939217608,-2.2796579438969882e-14,-5.104065318543386e-13
312,33,5,31,0,89.17232807275185,-1.2908193032975154e-13,-4.973799150320701e-14
313,33,5,31,0,88.31377804549632,-4.5889218351173135e-14,2.1197858283509655e-13
314,32,5,31,0,87.98109919284052,1.0746958878371515e-13,-8.408089039827853e-14
315,32,5,31,0,99.99997157331266,6.158037043254201e-14,3.3869203737898107e-13
316,33,5,31,0,90.65918784227883,4.808005845310012e-13,2.704799347460115e-12
317,33,5,30,0,78.94834503396002,-4.5593158877939764e-14,1.4802973661668753e-13
318,32,5,31,0,94.95536364378184,1.1131836193574902e-13,-8.526512829121202e-14
319,33,4,32,0,91.40455864872106,9.207449617557965e-14,-1.3737159558028603e-13
320,33,5,31,0,80.91478283431897,7.675188484768114e-09,3.803665589903934e-08
321,32,5,31,0,81.27254698519437,1.3885189294645292e-13,5.731711401798142e-13
322,33,5,30,0,89.54687045510465,2.5964415802566993e-13,9.533115038114677e-13
323,32,5,31,0,88.57799868985721,7.283063041541027e-14,-2.5697962276656955e-13
324,33,5,30,0,88.30382885265871,-3.4046839421838136e-14,2.2263672387149805e-13
325,33,4,31,0,91.77076256334335,1.0184445879228103e-13,6.489623653275581e-13
326,32,5,32,0,88.22234383338677,5.0330110449673766e-15,1.3026616822268503e-14
327,33,5,31,0,82.15667235439106,2.0368891758456206e-13,1.0012731384752744e-12
328,32,5,32,0,87.63519658547467,2.4276876805136755e-14,7.460698725481052e-14
329,33,5,31,0,86.62004191833235,1.0391687510491465e-13,3.682979847023186e-13
330,32,4,32,0,81.46599564923531,-4.855375361027351e-14,2.794801427323061e-13
331,32,5,31,0,84.20056563476913,3.5467924893358333e-13,1.0326554426380123e-12
332,33,4,31,0,79.45439263967367,2.9872400849247544e-13,1.5217456924195478e-12
333,32,5,32,0,90.00938066519124,-1.5987211554602254e-14,3.848773152033876e-13
334,31,5,32,0,93.24539687936124,-1.687538997430238e-14,1.7763568394002505e-13
335,33,5,31,0,82.28027572275158,2.7355895326763857e-13,1.1404210908949608e-12
336,33,5,31,0,86.82862573623844,-1.8355687340469256e-14,3.718506983811191e-13
337,33,4,32,0,78.62320292926609,7.875181988007777e-14,2.3447910280083306e-13
338,32,5,32,0,88.91049730184233,-4.3816802038539514e-14,2.2026824808563106e-13
339,32,5,32,0,91.08422487380575,-7.046215462954326e-14,2.2500519965736507e-13
340,32,5,31,0,82.39442146883123,5.210646728907401e-14,4.547473508864641e-13
341,32,5,32,0,91.05390347267837,2.4868995751603507e-14,-1.9658349022696106e-13
342,33,5,31,0,93.78202622337292,2.6053233644537006e-14,5.435651928564766e-13
343,33,5,31,0,80.66007600921026,1.406578557331765e-12,5.647926570873096e-12
344,33,5,30,0,92.01916345847472,-7.697546304067751e-15,-3.754034120599196e-13
345,31,5,32,0,93.58524295130682,3.907985046680551e-14,3.967196941327226e-14
346,33,5,31,0,92.11128211760088,3.9731181307918934e-13,1.862806205584396e-12
347,33,5,31,0,86.85902931454677,8.585724723767878e-14,9.118631775587953e-14
348,33,5,31,0,90.53886381236993,4.144832625267251e-14,2.842170943040401e-14
349,32,5,32,0,91.15601827127159,-6.868579779014301e-14,2.1671553440683056e-13
350,32,5,31,0,86.11317886966772,1.273055734903513e-13,2.019125607451618e-13
351,32,5,32,0,92.22072912351334,-9.355479354174652e-14,9.710750722054702e-14
352,32,5,32,0,97.9421817803071,-9.118631775587953e-14,-2.332948649078996e-13
353,32,5,32,0,92.94359851306075,-8.763360407707903e-14,-7.342274936187702e-14
354,32,5,31,0,91.49686587125176,-7.460698725481052e-14,1.7526720815415805e-13
355,32,5,32,0,92.71989809012805,-4.085620730620576e-14,3.3869203737898107e-13
356,32,5,31,0,85.27268589837111,-2.6053233644537006e-14,2.0724163126336256e-13
357,31,5,32,0,91.40310632973907,3.0790185216271006e-14,8.052817671947803e-14
358,32,4,32,0,99.1668580149917,2.516505522483688e-14,2.4632148173016805e-13
359,33,5,30,0,83.00980431620275,1.3618735768735254e-13,-1.3381888190148553e-13
360,33,5,31,0,88.31468620854348,3.6060043839825084e-13,1.933860479160406e-12
361,33,5,31,0,79.93039518795833,1.8160288088135228e-12,6.304882541977956e-12
362,32,5,31,0,91.42242462078133,-1.2641739507065117e-13,4.073778351691241e-13
363,32,5,31,0,91.73129164738097,6.217248937900877e-14,1.1605531350748302e-13
364,33,4,32,0,86.02582255832205,-4.115226677943914e-14,-2.1553129651389705e-13
365,33,5,31,0,94.53846463257732,7.046215462954326e-14,-1.3263464400855204e-13
366,32,5,31,0,94.87322219279757,3.671137468093851e-14,1.6816178079655705e-13
367,33,5,31,0,88.99662512191708,-3.4638958368304884e-14,-3.694822225952521e-13
368,33,5,31,0,94.53846463257392,-1.2730557349035129e-14,2.2618943755029855e-13
369,33,4,32,0,98.82845086501749,-6.809367884367627e-15,5.873819948950162e-13
370,33,5,31,0,91.29491941347774,-7.72715225139109e-14,1.9184653865522705e-13
371,33,4,32,0,85.63562343235083,-8.585724723767878e-14,3.540871299871166e-13
372,32,5,32,0,93.00598391824684,-7.431092778157715e-14,-6.158037043254201e-14
373,32,4,32,0,85.98451619154997,-5.388282412847426e-14,3.4579746473658207e-13
374,31,5,32,0,80.15130540275108,1.4617936490897895e-13,5.104065318543386e-13
375,33,5,31,0,82.82694009018942,1.2739439133232129e-12,5.141368812170792e-12
376,33,5,31,0,92.62173678782524,3.8191672047105385e-14,9.485745522397337e-13
377,31,5,32,0,92.30810486204209,-2.7237471537470508e-14,2.4987419540896855e-13
378,33,5,31,0,89.2189472397757,-7.579122514774402e-14,1.5158245029548803e-13
379,33,5,30,0,88.24739540168824,6.779761937044289e-14,6.448175327022909e-13
380,32,5,32,0,89.05132555539238,1.0066022089934753e-14,-2.2500519965736507e-13
381,33,5,31,0,88.4432118491954,-9.207449617557965e-14,5.210646728907401e-14
382,32,5,31,0,83.25645428251391,-2.990200679657088e-14,5.027089855502709e-13
383,33,5,31,0,84.6998990074091,1.2623557014516488e-08,6.240400315012569e-08
384,33,5,30,0,85.22808646599186,1.139117422610525e-08,5.796248340554181e-08
385,32,5,32,0,83.49091652968713,5.033011044967376e-14,3.126388037344441e-13
386,31,5,32,0,86.22192138093408,3.907985046680551e-14,1.699381376359573e-13
387,32,5,32,0,86.66385962854123,3.138230416273776e-14,3.363235615931141e-13
388,33,5,31,0,85.61819261635412,2.991680977023255e-13,1.0160761121369433e-12
389,31,5,32,0,83.69083087763265,6.276460832547552e-14,9.947598300641403e-14
390,33,4,32,0,77.66913563480658,5.2994645708774137e-14,2.0842586915629605e-13
391,32,5,32,0,87.36758023106206,3.315866100213801e-14,-3.552713678800501e-15
392,32,5,32,0,88.6980482662718,-9.829174511348053e-14,1.3263464400855204e-13
393,33,5,31,0,83.56323561899272,3.0479322769375966e-13,1.2902271843510487e-12
394,31,5,32,0,92.22051996566876,-5.2994645708774137e-14,8.881784197001252e-14
395,31,5,32,0,86.50412618722191,1.9539925233402755e-14,3.369156805395808e-13
396,33,4,31,0,78.40937457523964,-5.565918096787451e-14,1.5631940186722204e-13
397,32,5,32,0,81.85784101813233,-6.335672727194226e-14,2.3211062701496604e-13
398,32,5,32,0,90.44003447116573,1.0273263721198116e-13,1.8829382497642655e-13
399,32,5,32,0,86.47816128906508,6.5133084111342514e-15,-4.500103993147301e-14
400,33,5,31,0,86.10214190721136,7.993605777301127e-15,-1.817805165652923e-13
401,32,5,31,0,86.48821168537106,5.293543381412746e-13,1.93859743073214e-12
402,33,4,32,0,91.89128876053051,-1.0421293457814802e-13,-5.802765675374151e-14
403,32,5,32,0,82.5100227796774,-7.756758198714427e-14,2.9191464060810784e-13
404,33,5,31,0,88.95180698096198,3.588240815588506e-13,1.2789769243681803e-12
405,31,5,32,0,78.44518051404465,1.1398289719484941e-14,1.0776564825694852e-13
406,32,5,31,0,81.04221291713051,-7.016609515630989e-14,1.3026616822268503e-13
407,32,5,32,0,80.44362957360451,5.861977570020827e-14,3.3158661002138007e-13
408,32,5,32,0,86.03445052926787,-5.0922229396140515e-14,-2.0013620390576156e-13
409,32,5,31,0,98.25676353428807,-4.5593158877939764e-14,9.710750722054702e-14
410,33,5,31,0,83.90980528912861,3.611925573447176e-14,3.434289889507151e-14
411,33,5,31,0,87.2181553047881,1.4802973661668755e-15,6.335672727194226e-14
412,33,5,30,0,83.78268750619745,2.0368891758456206e-13,7.164639252247677e-13
413,33,5,31,0,86.17745512232568,1.4447702293788703e-13,5.5067062021407764e-14
414,33,5,31,0,86.17745512232592,5.654735938757464e-14,2.7355895326763857e-13
415,32,5,31,0,91.72695449885595,2.516505522483688e-14,1.8000415972589204e-13
416,33,5,31,0,86.25748970251075,-2.960594732333751e-14,1.9184653865522705e-13
417,32,5,32,0,88.20419085112864,-2.0724163126336254e-14,1.6105635343895605e-13
418,32,4,32,0,80.05409989231073,5.003405097644039e-14,4.310625930277941e-13
419,33,5,31,0,86.25748970251075,-2.960594732333751e-14,1.9184653865522705e-13
420,33,5,30,0,83.98942380248157,2.9191464060810784e-13,1.2434497875801753e-12
421,32,5,32,0,87.2258396307304,-2.3092638912203256e-14,1.3677947663381929e-13
422,33,5,30,0,83.33548852523492,2.3813376751983622e-08,1.0821062209250461e-07
423,33,5,30,0,84.61792018838243,2.8451315377727343e-13,3.155993984667778e-13
424,32,5,32,0,85.03867761168397,9.444297196144665e-14,2.291500322826323e-13
425,32,5,32,0,83.23749614147987,-1.3322676295501878e-14,3.493501784153826e-14
426,33,5,31,0,86.5220590296057,2.067975420535125e-12,7.04207063032906e-12
427,33,5,30,0,86.64255704751794,2.2013502132267604e-12,7.44293515708705e-12
428,33,5,30,0,85.08454856069314,4.908666066209358e-13,1.6981971384666394e-12
429,33,4,32,0,78.32494283452003,-6.513308411134251e-14,-1.1250259982868253e-13
430,33,5,31,0,83.31494888142231,8.704148513061227e-14,-4.713266813875331e-13
431,32,5,32,0,81.2592716543296,-5.802765675374151e-14,3.907985046680551e-14
432,33,5,31,0,84.3583116156842,1.2848981138328478e-13,5.340912897130087e-13
433,32,5,31,0,87.9700384666217,8.881784197001252e-15,3.0790185216271006e-14
434,32,4,32,0,88.5060333543777,6.335672727194226e-14,3.718506983811191e-13
435,33,5,30,0,87.60049646731353,2.6408505012417055e-13,9.142316533446622e-13
436,33,5,31,0,85.93843541267594,1.2641739507065117e-13,1.0752880067836183e-12
437,33,5,31,0,83.14439934828808,-1.0006810195288078e-13,2.8421709430404007e-13
438,33,5,30,0,84.2745061295571,1.379936283759283e-08,6.731397543073096e-08
439,33,5,31,0,87.34069041603394,1.4536520135758715e-13,4.2573352250959334e-13
440,33,5,31,0,81.97171807344662,-6.128431095930864e-14,3.635610331305846e-13
441,32,5,32,0,87.32486803500298,-4.3816802038539514e-14,9.296267459527978e-14
442,33,5,31,0,87.16841237988913,2.842170943040401e-14,-4.648133729763989e-13
443,33,5,30,0,87.99656305911068,3.0346096006420947e-13,1.4773367714345416e-12
444,32,5,31,0,79.98330317215611,-3.3454720475371385e-13,8.881784197001252e-14
445,33,5,30,0,90.07548103370944,1.830935669744349e-08,9.101059283977975e-08
446,31,5,32,0,92.03063788533144,-2.7533531010703882e-14,1.2316074086508402e-13
447,33,5,30,0,87.89055715983223,3.907985046680551e-14,2.173076533532973e-13
448,33,5,31,0,87.95198391653176,-4.7369515717340014e-14,4.085620730620576e-14
449,32,5,31,0,88.16100171749294,4.204044519913926e-14,1.2316074086508402e-13
450,32,5,31,0,83.8967296703868,2.929508487644246e-13,1.3707553610705265e-12
451,33,5,30,0,81.20591329433354,4.997483908179371e-13,1.5513516397428855e-12
452,31,5,32,0,91.27658195010892,5.980401359314176e-14,2.8895404587577406e-13
453,33,5,31,0,89.40591061457485,6.18764299057754e-14,1.3026616822268503e-13
454,33,5,31,0,90.41902440358726,-1.509903313490213e-14,2.794801427323061e-13
455,32,5,32,0,94.06612135359643,3.375077994860476e-14,-3.789561257387201e-14
456,33,5,31,0,92.20032357886532,-8.289665250534503e-15,2.8184861851817306e-13
457,32,5,31,0,95.85210787658582,4.550434103596975e-13,2.061758171597224e-12
458,32,5,31,0,79.67436842686523,7.279752208451858e-09,3.644992929707769e-08
459,31,5,32,0,84.66375263559844,2.3092638912203256e-14,-1.4210854715202004e-14
460,32,5,32,0,98.89137922772322,-7.519910620127727e-14,4.7369515717340014e-14
461,32,5,32,0,93.44725972280185,-4.3816802038539514e-14,2.865855700899071e-13
462,32,5,32,0,93.2851011187564,-6.424490569164239e-14,4.3579954459952813e-13
463,33,5,31,0,91.84494893908399,9.414691248821327e-14,-3.730349362740526e-13
464,33,5,31,0,82.24485329070322,3.694822225952521e-13,1.019036706869277e-12
465,32,5,31,0,90.65812929988091,-3.2566542055671256e-14,2.759274290535056e-13
466,32,5,31,0,90.7331682625404,1.0036416142611415e-13,1.1664743245394977e-12
467,33,5,31,0,79.71157384415834,-1.805962786723588e-14,9.118631775587953e-14
468,32,5,31,0,96.92581427463014,1.2493709770448427e-13,1.5750363976015555e-13
469,33,5,31,0,93.67314448744712,6.868579779014301e-14,6.371199863982232e-13
470,33,5,30,0,94.71767607266628,-1.7171449447535753e-14,1.1960802718628354e-12
471,33,5,31,0,82.97954216646163,2.6053233644537006e-14,1.4092430925908653e-13
472,33,5,31,0,81.29373344318522,3.4994229736184934e-13,1.1268023551262256e-12
473,33,4,31,0,91.44397937375493,-6.89818572633764e-14,2.830328564111066e-13
474,33,5,30,0,83.01350516174016,3.262575395031793e-13,1.2517394528307098e-12
475,32,5,32,0,91.32313327873018,7.460698725481052e-14,2.0132044179869504e-13
476,32,5,32,0,100.00000001048517,6.585302673537778e-09,3.147388897654461e-08
477,32,5,31,0,87.47714985360136,-3.730349362740526e-14,4.1448326252672513e-13
478,32,5,32,0,91.23984110137803,-9.473903143468003e-14,3.5823196261238383e-13
479,32,5,31,0,79.36695825771052,-1.4841831467530634e-13,2.984279490192421e-13
480,32,5,31,0,82.11438506846653,3.6770586575585185e-13,1.1487107561454952e-12
481,33,5,30,0,85.27487574985912,2.347751622740664e-13,8.455458555545192e-13
482,32,5,32,0,90.83472277824218,9.829174511348053e-14,4.547473508864641e-13
483,33,5,31,0,84.9272325384684,1.333155807969888e-12,4.6623445844791905e-12
484,32,5,31,0,85.90722404061319,5.6251299914341267e-14,8.230453355887828e-14
485,31,5,32,0,83.95998493536972,-2.4572936278370132e-14,7.697546304067751e-15
486,32,5,31,0,79.41717679419561,-1.2997010874945167e-13,3.813246015245871e-13
487,31,5,32,0,88.75206686829074,8.881784197001252e-15,2.137549396744968e-13
488,32,5,31,0,82.2472590024309,1.6756966185009029e-13,1.4210854715202004e-14
489,32,5,32,0,88.68642288366138,7.638334409421077e-14,7.579122514774402e-14
490,31,5,32,0,81.85645031814325,-4.440892098500626e-15,6.276460832547552e-14
491,32,5,31,0,85.346906468446,3.206324095117452e-13,9.177843670234627e-13
492,32,5,32,0,81.98620219364338,-1.1427895666808277e-13,3.2862601528904634e-13
493,33,4,32,0,79.15582264076193,1.344110008479523e-13,-2.723747153747051e-13
494,32,5,31,0,85.24519064919696,7.72715225139109e-14,8.479143313403862e-13
495,33,5,31,0,84.83069115887312,8.881784197001252e-14,-7.401486830834377e-14
496,32,5,31,0,84.79354833953036,4.648133729763989e-14,1.1546319456101628e-13
497,32,5,32,0,82.68643424165202,-4.5889218351173135e-14,3.327708479143136e-13
498,33,5,31,0,88.10758216907132,2.4868995751603507e-14,2.332948649078996e-13
499,32,5,32,0,90.22695891423919,-1.0954200509634877e-13,4.938272013532696e-13
500,32,5,32,0,88.67333100282123,-1.1487107561454954e-13,4.902744876744691e-13
501,32,5,31,0,85.02779505865465,-4.026408835973901e-14,3.0671761426977656e-13
502,32,5,32,0,92.08447084326569,-2.930988785010413e-14,-1.1250259982868253e-13
503,32,5,31,0,88.87030760179091,-1.2197650297215054e-13,1.959913712804943e-13
504,33,5,31,0,84.63323124608448,2.554993254004027e-13,6.584362684710262e-13
505,33,5,31,0,82.03026470909779,2.220446049250313e-14,2.0132044179869504e-13
506,32,5,32,0,92.08447084326569,-4.884981308350689e-14,-9.118631775587953e-14
507,32,5,32,0,88.02529954603048,-7.135033304924339e-14,3.5349501104064984e-13
508,33,5,31,0,84.57644887399141,-8.023211724624464e-14,2.1257070178156331e-13
509,32,5,32,0,84.97834737934205,-4.677739677087326e-14,5.690263075545469e-13
510,32,4,32,0,99.99999996593345,3.700743415417188e-14,-1.794120407794253e-13
511,32,5,31,0,84.52018162206572,-9.296267459527978e-14,-4.204044519913926e-14
512,33,5,31,0,83.0805321958692,9.473903143468002e-15,2.1316282072803006e-13
513,31,5,32,0,79.13827886508031,-8.289665250534503e-15,4.2810199829546036e-13
514,32,5,32,0,79.7614943665005,7.919590908992784e-14,4.085620730620576e-13
515,32,5,31,0,87.38857059425081,1.983598470663613e-14,-4.736951571734001e-15
516,33,5,31,0,84.71659907813333,-2.7237471537470508e-14,2.4868995751603507e-13
517,33,5,31,0,83.45879003796675,3.055333763768431e-13,9.10086820719395e-13
518,32,5,31,0,81.93348560228884,1.0450899405138141e-13,5.317228139271416e-13
519,33,4,31,0,80.96700193064173,1.1250259982868253e-13,-1.5276668818842154e-13
520,33,4,31,0,82.49676434842127,9.947598300641403e-14,8.384404281969182e-13
521,32,5,32,0,85.17491216246275,-1.3618735768735254e-14,3.8902214782865485e-13
522,32,5,31,0,87.83110472841122,-2.3092638912203256e-14,1.9539925233402755e-13
523,33,5,31,0,84.49335233645778,9.473903143468002e-15,-2.6704564485650434e-13
524,32,5,31,0,83.53928484738107,-6.720550042397615e-14,-1.8947806286936006e-13
525,32,5,32,0,87.87253338904715,-1.6076029396572267e-13,2.765195479999723e-13
526,31,5,32,0,80.59732259121391,-1.6779170645501532e-13,2.1316282072803006e-13
527,32,5,32,0,82.9397385278969,-1.0302869668521453e-13,1.0066022089934752e-13
528,32,5,31,0,84.08921019333042,3.315866100213801e-14,2.4987419540896855e-13
529,31,5,32,0,82.89579942739942,-3.0790185216271006e-14,-6.217248937900877e-14
530,32,5,31,0,83.72931771114334,2.7250725824027693e-08,1.2703705939050755e-07
531,33,5,30,0,83.28782244648096,1.8000415972589204e-13,7.7982065249671e-13
532,33,5,31,0,88.12299168915514,6.483702463810914e-14,-3.398762752719146e-13
533,33,5,31,0,85.78748298374957,3.1406023559554797e-08,1.4423762155028422e-07
534,33,5,31,0,85.78748298374957,3.1406023559554797e-08,1.4423762155028422e-07
535,33,5,31,0,90.53562771595445,2.960594732333751e-15,3.730349362740526e-14
536,32,5,31,0,78.79010086064126,-4.4112861511772884e-14,1.888859439228933e-13
537,33,5,30,0,86.49307545236063,2.0474292187581494e-08,9.796280409091196e-08
538,33,4,32,0,80.09426553637252,-1.1013412404281553e-13,-2.332948649078996e-13
539,31,5,32,0,87.09370769094754,-4.9441932029973636e-14,3.540871299871166e-13
540,32,5,31,0,87.67454330600236,2.7400304247748863e-13,1.3660184094987926e-12
541,33,5,30,0,87.57418400574343,2.0243215104187584e-08,1.001958302992989e-07
542,32,5,32,0,90.63950099825242,6.957397620984314e-14,5.500785012676109e-13
543,33,5,30,0,90.58109932949213,2.0406933032290908e-08,1.0150540082539312e-07
544,33,5,31,0,83.25795241254679,5.755396159656812e-13,2.726115629532918e-12
545,32,5,32,0,85.15180704698945,-1.1694349192718315e-13,3.2566542055671256e-14
546,33,5,31,0,82.31244746900568,2.5058806881380253e-08,1.1246488540450628e-07
547,32,5,31,0,77.53069309124463,-4.144832625267251e-14,2.759274290535056e-13
548,32,5,31,0,86.24898814268126,-4.3520742565306136e-14,2.7119047748177155e-13
549,31,5,32,0,81.7712221480435,1.1250259982868253e-13,5.210646728907401e-14
550,32,5,31,0,89.0470696340233,1.3381888190148553e-13,1.1090387867322231e-12
551,32,5,32,0,90.50373326831044,1.9539925233402755e-14,4.085620730620576e-13
552,32,5,32,0,82.08606654686707,-1.0243657773874777e-13,5.222489107836736e-13
553,31,5,32,0,84.5004447697436,4.618527782440651e-14,-3.0790185216271006e-14
554,32,5,31,0,89.51084960099378,3.848773152033876e-14,2.2145248597856457e-13
555,33,5,31,0,91.14462664552279,6.039613253960852e-14,-2.3921605437256705e-13
556,31,5,32,0,89.22013969010675,-7.579122514774402e-14,1.5868787765308903e-13
557,31,5,32,0,81.17789923889408,-1.0894988614988203e-13,4.831690603168681e-13
558,33,5,30,0,82.63148972339529,1.3343655069775195e-08,6.31818905342622e-08
559,33,5,31,0,82.66584298248259,1.498949112980578e-12,5.638156608256395e-12
560,32,5,32,0,92.53898253059073,3.434289889507151e-14,-1.8829382497642655e-13
561,32,5,32,0,77.73214531356103,1.1250259982868252e-14,-2.3684757858670005e-15
562,31,5,32,0,90.55162114507516,-9.207449617557965e-14,2.0013620390576156e-13
563,32,5,32,0,82.73845591179919,-9.177843670234628e-15,4.3520742565306136e-13
564,33,5,30,0,94.10901330060422,2.1316282072803006e-14,2.0961010704922955e-13
565,33,5,31,0,85.5769188018082,1.4210854715202004e-14,-2.1197858283509655e-13
566,32,4,32,0,92.80445010326508,-5.921189464667501e-16,4.263256414560601e-13
567,33,5,30,0,86.00558177116433,-5.861977570020827e-14,3.055333763768431e-13
568,32,5,32,0,89.03200696633627,-8.230453355887828e-14,1.7763568394002505e-14
569,32,5,31,0,83.31771382235769,8.376095076793414e-09,4.139927748762299e-08
570,32,5,31,0,83.09025837442849,2.0132044179869504e-13,8.20084740856449e-13
571,33,5,31,0,87.02027962036422,-8.763360407707903e-14,1.8947806286936004e-14
572,33,5,31,0,85.46337292714266,1.5335880713488828e-13,8.408089039827853e-14
573,32,5,31,0,92.13867906372246,-8.230453355887828e-14,1.0776564825694852e-13
574,32,5,31,0,87.78412430611783,-4.085620730620576e-14,7.697546304067752e-14
575,32,5,32,0,90.04122597413107,-5.1514348342607263e-14,-1.5987211554602254e-13
576,33,5,31,0,89.49239300877205,2.113864638886298e-13,1.1901590823981678e-12
577,32,5,32,0,89.28246737363368,-8.43769498715119e-14,9.237055564881302e-14
578,32,4,32,0,79.04385924126811,4.322468309207276e-14,9.473903143468002e-15
579,33,4,31,0,89.98022003516874,1.841489923511593e-13,7.958078640513122e-13
580,33,5,31,0,84.62418566057127,2.432128572612176e-13,1.0675904604795505e-12
581,31,5,32,0,84.06506307144691,-5.891583517344164e-14,-8.052817671947803e-14
582,33,5,31,0,84.18012882407349,1.2316074086508402e-13,-3.6178467629118433e-13
583,32,5,32,0,84.19762098790372,9.651538827408028e-14,-1.166474324539498e-13
584,33,5,31,0,86.70127114941239,2.2231105845094135e-12,7.695177828281885e-12
585,32,5,31,0,84.1476254253232,5.743553780727477e-14,2.688220016959046e-13
586,32,5,32,0,86.24309122841791,6.572520305780927e-14,-3.2152058793144533e-13
587,33,4,32,0,83.39268687690222,8.230453355887828e-14,1.2079226507921703e-13
588,31,5,32,0,86.25643346851288,-7.638334409421077e-14,2.368475785867001e-13
589,33,5,31,0,86.46815605723343,-1.2168044349891716e-13,4.3224683092072763e-13
590,32,5,31,0,87.56596078833002,-5.358676465524089e-14,2.4868995751603507e-14
591,33,5,30,0,88.44702902112383,2.030967986380953e-13,1.2327916465437738e-12
592,33,5,31,0,86.12313997218132,6.483702463810914e-14,5.483021444282107e-13
593,33,5,31,0,87.87361422618656,-3.671137468093851e-14,-1.1250259982868253e-13
594,32,5,32,0,87.20365556031466,-7.875181988007777e-14,2.439530059443011e-13
595,33,5,30,0,98.74653345061186,3.2270482582437885e-12,1.0836960958234462e-11
596,33,5,30,0,86.71985239842421,3.754034120599196e-13,1.9445186201968076e-12
597,33,5,30,0,92.72340969505355,3.7007434154171886e-13,1.5217456924195478e-12
598,32,5,32,0,86.26555017799625,7.105427357601002e-15,1.5631940186722204e-13
599,33,5,31,0,87.97664486895836,-1.341149413747189e-13,7.164639252247677e-14
600,33,5,31,0,87.97664486895826,-1.2434497875801753e-13,-9.177843670234627e-14
601,32,5,32,0,85.59750028685055,-6.335672727194226e-14,3.339550858072471e-13
602,32,5,31,0,88.16019783040132,-3.2566542055671256e-14,1.2789769243681803e-13
603,31,5,32,0,84.82355154555346,3.552713678800501e-15,-4.085620730620576e-14
604,32,5,32,0,85.56917634753385,-6.54291435845759e-14,4.796163466380676e-14
605,32,5,31,0,84.96298646669916,4.7665575190573385e-14,8.644936618414552e-14
606,33,5,30,0,89.20129398585614,2.564023067937645e-12,8.766321002440236e-12
607,32,5,31,0,87.38151288296567,3.967196941327226e-13,1.6360246490876307e-12
608,33,5,31,0,87.81879280991602,-1.6105635343895605e-13,3.197442310920451e-13
609,33,5,31,0,87.81874573732709,5.021168666038042e-13,2.2382096176443156e-12
610,32,4,32,0,82.59762451120395,1.1131836193574902e-13,-1.0658141036401503e-13
611,32,5,32,0,77.99372441855364,-7.60872846209774e-14,3.404683942183813e-13
612,32,5,32,0,82.39171187866127,-6.039613253960852e-14,3.765876499528531e-13
613,33,4,32,0,82.49867533598588,5.1514348342607263e-14,2.5342690908776905e-13
614,33,5,31,0,89.81150998721365,4.322468309207276e-14,2.948752353404416e-13
615,33,5,30,0,84.84962210450433,1.9315373004739438e-08,9.189730694932526e-08
616,33,5,31,0,83.97398928133494,5.536312149464114e-14,4.9145872556740265e-14
617,32,5,31,0,82.60768025670322,-6.098825148607527e-14,4.026408835973901e-13
618,33,5,31,0,82.33014408961898,6.513308411134251e-14,2.0724163126336256e-13
619,33,5,31,0,85.88712589115546,1.9918362070825424e-08,9.528652119191368e-08
620,33,5,31,0,83.70634580682638,-6.010007306637514e-14,-1.7645144604709154e-13
621,32,5,31,0,84.69181888151564,-6.572520305780927e-14,4.618527782440651e-13
622,33,5,31,0,83.973275171204,-2.7237471537470508e-14,-2.4868995751603507e-14
623,32,5,31,0,88.93362008891133,1.5670427918242542e-12,4.927613872496295e-12
624,31,5,32,0,86.65041983112687,2.9605947323337506e-16,1.5987211554602254e-13
625,32,5,32,0,86.88495839748833,-1.9214259812846043e-13,2.1967612913916432e-13
626,32,5,31,0,87.51303515072951,2.842170943040401e-14,-1.4329278504495355e-13
627,33,5,31,0,88.68591959324065,2.4367174944472936e-12,8.165320271776485e-12
628,32,5,32,0,87.26493533868491,-9.769962616701378e-14,-4.7369515717340014e-14
629,33,5,31,0,88.31834545471384,-3.019806626980426e-14,1.0006810195288078e-13
630,33,5,31,0,88.38874978548262,-1.5987211554602254e-14,3.919827425609886e-13
631,33,5,31,0,88.42353360362183,2.4987419540896855e-13,1.388518929464529e-12
632,32,5,31,0,89.11198391268859,3.552713678800501e-14,2.3803181647963356e-13
633,31,5,32,0,80.64135749142109,3.138230416273776e-14,4.985641529250037e-13
634,33,4,32,0,91.19986008532045,7.460698725481052e-14,2.2382096176443156e-13
635,31,5,32,0,90.31705037676139,-1.129466890385326e-13,2.901382837687076e-13
636,33,5,30,0,95.64772166947944,8.289665250534502e-14,-1.2848981138328478e-13
637,33,5,31,0,87.13668660947793,7.697546304067751e-15,1.4270066609848678e-13
638,32,5,32,0,86.10799504862065,-5.565918096787451e-14,3.860615530963211e-13
639,33,5,31,0,86.44753506755937,4.677739677087326e-14,-2.0132044179869506e-14
640,31,5,32,0,79.5008592889087,-1.3618735768735254e-13,3.7599553100638633e-13
641,32,5,31,0,84.9854643972081,4.2336504672372634e-14,-9.651538827408028e-14
642,32,4,32,0,82.20172015411079,4.204044519913926e-14,1.0658141036401503e-13
643,32,5,32,0,84.79114530995032,7.401486830834377e-15,-1.3914795241968628e-13
644,33,5,31,0,85.4414481262769,-9.533115038114677e-14,3.4638958368304884e-13
645,31,5,32,0,85.95643057891347,9.296267459527978e-14,2.291500322826323e-13
646,32,5,31,0,90.45452290160118,3.315866100213801e-14,2.978358300727753e-13
647,31,5,32,0,95.01739827029783,-2.1908401019269757e-14,-3.197442310920451e-14
648,33,5,30,0,83.01692948773126,1.959913712804943e-13,5.346834086594754e-13
649,32,5,32,0,85.87259466912978,5.062616992290714e-14,1.4092430925908653e-13
650,33,5,31,0,84.92128729695885,-8.881784197001252e-16,6.631732200427602e-14
651,33,5,31,0,84.92120808321384,5.725790212333474e-13,2.95348930497615e-12
652,33,5,31,0,84.92120808321373,5.053735208093713e-13,2.915001573455811e-12
653,31,5,32,0,85.269470774931,2.960594732333751e-14,2.5224267119483557e-13
654,31,5,32,0,99.99999793848261,-7.993605777301127e-14,1.9303077654816056e-13
655,32,5,32,0,88.7002075455518,7.460698725481052e-14,-1.770435649935583e-13
656,33,4,32,0,90.67247444852617,1.6342482922482304e-13,-3.2448118266377907e-13
657,33,5,31,0,87.87649423742583,-8.289665250534503e-15,5.921189464667502e-14
658,32,5,31,0,84.85475369136233,2.9665159217984183e-13,1.1262102361797588e-12
659,32,5,31,0,86.10830133852978,-3.108624468950438e-14,-2.0724163126336256e-13
660,33,5,30,0,86.75315451495807,1.9377092523124397e-12,6.198301131613941e-12
661,32,5,32,0,86.79972102442447,1.2997010874945167e-13,3.611925573447176e-13
662,32,5,32,0,89.17131960494767,1.8355687340469256e-14,5.642893559828129e-13
663,31,5,32,0,85.17969556905737,-4.322468309207276e-14,1.6460906711775655e-13
664,33,5,30,0,87.09272978656047,2.0704919260576085e-12,6.434556591254174e-12
665,33,5,31,0,86.78654020792315,2.9902006796570885e-13,9.74035666937804e-13
666,32,5,32,0,79.25081625337917,6.987003568307652e-14,4.0086452675798984e-13
667,32,5,31,0,83.37809686158232,-5.477100254817439e-14,2.113864638886298e-13
668,33,5,30,0,89.17128268287752,2.2704975085237795e-08,1.1191291508320471e-07
669,32,5,31,0,88.58301867082355,6.750155989720952e-14,8.763360407707903e-14
670,33,5,31,0,86.4377623872036,1.2686148428050121e-12,4.709714100196531e-12
671,32,5,32,0,86.4183379216704,-2.0132044179869506e-14,6.750155989720952e-14
672,32,5,32,0,89.02300288330086,8.763360407707903e-14,4.808005845310012e-13
673,33,5,30,0,83.60687649778895,-3.759955310063864e-14,1.1368683772161603e-13
674,33,5,31,0,87.43472829833712,3.611925573447176e-13,1.455428370415272e-12
675,32,5,32,0,87.08925838840152,4.648133729763989e-14,4.026408835973901e-14
676,32,5,31,0,86.2622705512647,4.3816802038539514e-14,1.486218555631543e-13
677,33,5,31,0,83.78622320873404,-2.4868995751603507e-14,6.276460832547552e-14
678,32,5,32,0,86.8406169620575,-4.9441932029973636e-14,-1.7171449447535753e-14
679,33,5,31,0,83.52038989009078,2.9013828376870755e-14,-2.948752353404416e-13
680,33,5,31,0,85.09839921141142,1.9042545318370685e-12,6.821210263296962e-12
681,32,5,32,0,87.33013163408468,1.2612133559741778e-13,2.445451248907678e-13
682,33,5,30,0,81.62967145361773,5.3290705182007514e-14,3.481659405224491e-13
683,33,5,30,0,84.9334438077753,1.865174681370263e-13,5.838292812162157e-13
684,33,5,31,0,81.54638604357103,5.607366423040124e-13,2.6509165233316403e-12
685,32,5,31,0,84.7917163274505,2.4572936278370132e-14,-3.434289889507151e-14
686,32,5,31,0,85.68948338927608,1.5329959524024162e-12,5.523285532641846e-12
687,32,5,31,0,80.56321298689109,-1.0534166131985027e-13,3.943512183468556e-13
688,33,5,31,0,82.52970449884903,-4.825769413704014e-14,2.398081733190338e-13
689,32,5,31,0,85.98236227360015,1.509903313490213e-13,5.577760475716786e-13
690,33,5,31,0,87.0037619163143,2.2429352005322773e-08,1.081471587838223e-07
691,31,5,32,0,99.9999999853031,-5.417888360170764e-14,7.934393882654452e-14
692,33,5,30,0,88.89035782967869,1.9687954970019442e-13,1.25351580967011e-12
693,32,5,31,0,88.66939931308521,-7.756758198714427e-14,2.4276876805136755e-13
694,32,5,31,0,86.38770533892526,-1.0421293457814802e-13,4.500103993147301e-14
695,32,5,31,0,85.29943204464864,5.861977570020827e-14,5.488942633746774e-13
696,32,5,32,0,84.43735368344198,6.394884621840902e-14,2.7711166694643907e-13
697,33,5,31,0,84.85190913553745,-2.3092638912203256e-14,6.927791673660977e-14
698,33,5,30,0,90.7965368330681,2.389199948993337e-13,1.1060781919998892e-12
699,33,5,31,0,85.46732406398088,2.620944143198282e-08,1.2776183844209754e-07
700,33,5,30,0,84.23762033478019,1.5750363976015555e-13,1.3968085947150637e-12
701,33,5,31,0,85.57473637910431,-1.0243657773874777e-13,-2.6763776380297105e-13
702,33,5,31,0,87.5515899712522,3.517186542012496e-13,1.6324719354088302e-12
703,32,5,31,0,88.0187109752484,-1.2256862191861728e-13,3.2566542055671256e-14
704,33,5,31,0,84.4572565183437,1.6668148343039016e-13,1.1694349192718316e-12
705,32,5,31,0,99.99998746970343,-4.292862361883939e-14,-1.817805165652923e-13
706,33,5,30,0,85.63459331800019,1.94037378757154e-12,6.622850416230601e-12
707,33,5,31,0,84.5040571239992,2.4196605311980573e-08,1.16834169006097e-07
708,33,5,31,0,89.0906689330244,9.14823772291129e-14,1.6224059133188953e-13
709,33,5,31,0,84.45251993380387,-3.2566542055671257e-15,2.753353101070388e-13
710,32,5,32,0,82.88186495226638,3.434289889507151e-14,-5.921189464667501e-16
711,33,5,30,0,85.46516445332759,2.3259912514580114e-12,7.577938276881468e-12
712,31,5,32,0,86.68142689796824,2.3684757858670007e-14,-2.0013620390576156e-13
713,32,5,32,0,86.5443935607448,-9.473903143468002e-15,1.237528598115508e-13
714,33,5,31,0,87.58342656641828,3.730349362740526e-14,3.694822225952521e-13
715,31,5,32,0,85.57016239049327,-6.572520305780927e-14,2.984279490192421e-13
716,32,5,31,0,84.35332361077306,1.7031661118475466e-08,8.080407691106e-08
717,32,5,31,0,88.8542989638427,-7.401486830834377e-14,4.0441724043679034e-13
718,31,5,32,0,85.53014839397092,-3.789561257387201e-14,1.8474111129762605e-13
719,32,5,32,0,83.93849083393913,1.1013412404281553e-13,6.264618453618217e-13
720,32,5,32,0,87.27083056745995,4.085620730620576e-14,1.5987211554602254e-14
721,33,5,30,0,82.6129316053278,2.149391775674303e-13,6.063298011819521e-13
722,33,5,31,0,81.3196970082403,2.4868995751603507e-14,1.841489923511593e-13
723,31,5,32,0,89.96234079603789,8.733754460384564e-14,2.0132044179869504e-13
724,33,5,31,0,90.14438252335275,2.4276876805136755e-14,8.289665250534503e-15
725,32,5,31,0,84.37340071857898,-6.513308411134251e-14,7.223851146894351e-14
726,32,5,31,0,89.9107755333206,1.7763568394002505e-14,-1.0302869668521453e-13
727,32,5,32,0,86.24121785104998,-8.052817671947803e-14,2.1671553440683056e-13
728,32,5,32,0,85.86664786029993,-4.973799150320701e-14,2.652692880171041e-13
729,31,5,32,0,81.80672371740391,-5.921189464667501e-16,3.120466847879773e-13
730,32,5,31,0,84.32739086906149,1.1237648441427458e-08,5.6874780440807626e-08
731,32,5,32,0,85.29601167563189,1.3145040611561853e-13,5.376440033918092e-13
732,33,5,31,0,83.32476928650594,-1.7171449447535753e-14,7.223851146894351e-14
733,33,5,31,0,83.4260592738499,5.1218288869373886e-14,-2.0842586915629605e-13
734,33,5,31,0,84.61024487502789,5.240252676230739e-14,5.121828886937389e-13
735,32,5,31,0,83.82451128317872,1.0006810195288078e-13,7.105427357601002e-15
736,32,5,32,0,76.73770208472696,6.631732200427602e-14,-2.0132044179869506e-14
737,32,5,31,0,87.36434921304577,-1.0954200509634877e-13,2.475057196231016e-13
738,33,5,31,0,89.33076767238782,-5.181040781584064e-14,3.055333763768431e-13
739,33,5,30,0,86.7909289533852,1.9205245394005033e-08,9.431154820068362e-08
740,32,5,32,0,82.38972001724282,3.4046839421838136e-14,-1.2197650297215054e-13
741,32,5,31,0,81.73358159675573,-7.164639252247677e-14,5.731711401798142e-13
742,31,5,32,0,89.02707398262606,-1.4802973661668755e-14,-1.0658141036401503e-14
743,32,5,32,0,81.94345259909588,9.917992353318066e-14,-2.480978385695683e-13
744,32,5,32,0,81.94345259909588,9.917992353318066e-14,-2.480978385695683e-13
745,33,5,31,0,83.43908862946509,5.710987238671805e-13,2.6882200169590456e-12
746,32,5,31,0,83.431486936679,2.6053233644537006e-14,-8.704148513061227e-14
747,31,5,32,0,83.89686912808898,5.787962701712483e-14,3.469817026295156e-13
748,32,4,32,0,85.07615778829752,-6.217248937900877e-15,8.526512829121202e-14
749,32,5,32,0,89.68547585795903,4.677739677087326e-14,2.4276876805136755e-13
750,32,5,31,0,83.89390349010932,4.4112861511772884e-14,6.181721801112872e-13
751,33,4,32,0,80.13251435374926,3.345472047537138e-14,5.080380560684716e-13
752,33,4,31,0,83.71320672534638,1.7852386235972517e-13,6.264618453618217e-13
753,32,5,31,0,85.00641580643955,1.699381376359573e-13,8.230453355887827e-13
754,33,5,31,0,86.2456549691205,1.946146947299591e-12,6.64298246041047e-12
755,32,5,32,0,88.91614185101768,-1.3026616822268503e-14,3.3454720475371385e-13
756,32,5,32,0,88.91614185101795,1.7053025658242404e-13,-7.579122514774402e-14
757,32,5,31,0,90.61325610557726,2.6053233644537006e-14,4.5356311299353064e-13
758,33,5,31,0,87.89578847434365,1.0658141036401503e-13,5.3290705182007514e-14
759,32,5,32,0,81.67839336568447,-1.687538997430238e-14,5.500785012676109e-13
760,33,4,31,0,79.92481048442262,-6.394884621840902e-14,2.439530059443011e-13
761,31,5,32,0,91.43211193241999,-3.671137468093851e-14,7.484383483339722e-13
762,32,5,32,0,88.50599174026563,1.687538997430238e-14,1.1487107561454954e-13
763,32,5,31,0,89.3193677586476,3.147112200470777e-13,7.496225862269057e-13
764,33,4,31,0,91.07688764128878,-1.0184445879228103e-13,2.9961218691217556e-13
765,33,5,31,0,89.71090881876401,6.690944095074276e-14,1.5395092608135505e-13
766,32,5,32,0,87.09571280900774,-1.0658141036401503e-13,3.718506983811191e-13
767,32,5,31,0,83.52299470734008,1.4364805641283358e-12,5.398940553883828e-12
768,31,5,32,0,88.78878360432189,7.105427357601002e-15,-2.1553129651389705e-13
769,33,5,31,0,82.46138261915802,1.8078920878868605e-08,8.429165395303546e-08
770,33,5,30,0,83.49637789359497,5.921189464667502e-15,-2.102022259956963e-13
771,32,5,31,0,88.74269461870496,-1.092459456231154e-13,5.033011044967376e-13
772,31,5,32,0,87.58316150994992,1.2079226507921703e-13,2.0605739337042905e-13
773,32,5,32,0,92.69529043461986,-7.312668988864364e-14,2.1316282072803006e-13
774,33,5,31,0,89.76310040654423,-3.0790185216271006e-14,-1.6342482922482304e-13
775,33,5,31,0,81.70318375344623,2.418805896316674e-13,5.512627391605444e-13
776,33,5,31,0,88.65289430688419,6.838973831690964e-14,6.134352285395531e-13
777,32,5,31,0,91.57636718903944,-8.171241461241152e-14,4.938272013532696e-13
778,33,5,31,0,83.9374873295909,1.829647544582258e-13,8.064660050877137e-13
779,33,5,31,0,84.86772128691882,1.099083254037699e-08,5.377470320884944e-08
780,33,5,31,0,89.39353871226626,9.000207986294602e-14,-1.0066022089934752e-13
781,33,5,31,0,89.15234461035254,1.415164282055533e-13,-5.921189464667502e-15
782,33,5,31,0,83.51060399605868,5.921189464667502e-14,-5.933031843596837e-13
783,32,5,31,0,90.41667732008689,2.8717768903637385e-14,6.264618453618217e-13
784,33,5,31,0,81.74996059953409,2.6645352591003757e-14,5.1514348342607263e-14
785,33,5,31,0,81.74996059953368,4.144832625267251e-15,-1.1783167034688327e-13
786,32,5,32,0,85.8129248002106,8.615330671091215e-14,-1.1842378929335004e-14
787,32,5,32,0,83.67364953952443,9.177843670234627e-14,-1.7171449447535753e-14
788,33,5,30,0,86.07435563404078,2.0720305175340552e-08,1.0117763219833857e-07
789,33,5,30,0,84.68153896979919,-7.105427357601002e-15,2.7119047748177155e-13
790,32,5,31,0,78.9491351577926,1.2683187833317788e-12,4.884389189404222e-12
791,32,5,32,0,83.58915633900685,2.7829590483937256e-14,-1.4447702293788703e-13
792,32,4,32,0,89.24702257355422,-1.3618735768735254e-14,2.3803181647963356e-13
793,33,5,31,0,84.0817800876234,1.6934601868949054e-13,1.1457501614131615e-12
794,32,5,31,0,84.374227903598,1.788034372414889e-08,8.645339081662466e-08
795,32,5,32,0,84.02904852273552,7.697546304067751e-15,3.576398436659171e-13
796,32,5,32,0,79.43238025262418,-7.60872846209774e-14,2.3447910280083306e-13
797,32,5,31,0,90.58055122989616,5.764277943853813e-13,2.0422182463638214e-12
798,33,4,32,0,88.54968744873776,-1.4951003398285442e-13,-3.907985046680551e-14
799,32,5,32,0,81.49746959821434,-5.1514348342607263e-14,-7.105427357601002e-15
800,33,5,31,0,84.32889009763763,-2.0724163126336254e-14,-7.105427357601002e-15
801,32,5,32,0,84.54168909174282,-2.338869838543663e-14,-1.4033219031261979e-13
802,33,5,31,0,86.10056458760542,-5.921189464667502e-15,4.1744385725905886e-13
803,32,5,32,0,84.11304291387609,-2.102022259956963e-14,-4.796163466380676e-14
804,32,5,31,0,80.96809312828904,1.0362081563168127e-14,1.2434497875801753e-13
805,33,4,31,0,84.26609269591566,5.684341886080802e-14,2.1079434494216306e-13
806,32,5,32,0,86.1512373470528,2.4572936278370132e-14,3.298102531819798e-13
807,33,5,31,0,82.53125946803026,2.3092638912203256e-14,-1.983598470663613e-13
808,31,5,32,0,82.04965836549091,2.338869838543663e-14,1.1723955140041653e-13
809,33,5,31,0,82.12141528227728,2.1316282072803006e-14,-7.993605777301127e-14
810,31,5,32,0,85.10275957959688,-1.0243657773874777e-13,3.7362705522051936e-13
811,32,5,31,0,79.63627466701033,-6.394884621840902e-14,2.4276876805136755e-13
812,32,5,31,0,83.72169048174959,3.611925573447176e-13,1.0296948479056785e-12
813,33,4,32,0,90.48634100733683,4.500103993147301e-14,-1.3974007136615304e-13
814,32,5,31,0,88.05135008162213,-1.0184445879228103e-13,3.150072795203111e-13
815,33,5,31,0,84.41874861035545,3.167836363597113e-14,2.546111469807026e-13
816,33,5,31,0,89.19547876461311,1.0717352931048178e-13,4.748793950663336e-13
817,32,5,32,0,91.70703324483289,-7.697546304067751e-15,6.235012506294879e-13
818,31,5,32,0,82.37458394396475,-1.7141843500212417e-13,2.688220016959046e-13
819,32,5,31,0,86.33431034098147,-1.3026616822268503e-14,2.871776890363738e-13
820,33,5,31,0,89.68070608514626,3.4046839421838136e-14,-1.1605531350748302e-13
821,33,5,31,0,82.51986002775689,2.2336250182775075e-08,9.953420428606326e-08
822,33,5,31,0,89.68070608514611,7.105427357601002e-15,4.784321087451341e-13
823,32,5,32,0,89.72143813891343,2.694141206423713e-14,2.7000623958883807e-13
824,33,5,31,0,89.64075590073213,2.957634137601417e-13,1.4660865114516735e-12
825,33,5,31,0,80.75867017808373,4.4112861511772884e-14,4.144832625267251e-15
826,32,5,31,0,100.00000000888356,6.750155989720952e-14,1.687538997430238e-13
827,33,4,32,0,90.00042881144049,-5.2698586235540766e-14,-7.460698725481052e-14
828,33,4,31,0,82.58196414785304,-4.204044519913926e-14,8.112029566594477e-14
829,31,5,32,0,86.87774742252265,3.789561257387201e-14,-1.1842378929335004e-13
830,33,5,31,0,83.156977195234,8.615330671091215e-14,-5.2698586235540766e-14
831,33,5,31,0,87.21434106515774,1.0362081563168127e-14,3.221127068779121e-13
832,33,5,31,0,87.21434106515773,1.0776564825694852e-13,4.127069056873249e-13
833,32,5,32,0,84.69628344388488,1.506942718757879e-13,0.0
834,32,5,31,0,87.26587886010768,3.197442310920451e-14,1.0480505352461478e-13
835,32,5,31,0,85.95858843872493,2.8151853885087046e-08,1.351955122667429e-07
836,32,5,31,0,87.17845501514189,2.4693055304207217e-08,1.1748458620767603e-07
837,31,5,32,0,99.99999644794359,1.3322676295501878e-14,4.731030382269333e-13
838,32,5,31,0,98.47671786743575,-9.917992353318066e-14,1.2197650297215054e-13
839,32,5,32,0,85.79500598757338,-4.7665575190573385e-14,2.0724163126336256e-13
840,33,5,30,0,85.83247079132845,2.3381129328943946e-08,1.1235451265652803e-07
841,33,5,31,0,84.37197531966343,2.7237471537470508e-14,2.3092638912203256e-14
842,32,5,32,0,83.98347656472083,-6.868579779014301e-14,6.323830348264892e-13
843,32,5,31,0,85.74260691621666,2.8713322090349418e-08,1.3275957281659126e-07
844,33,5,31,0,88.92363950773142,9.296267459527978e-14,2.3092638912203256e-14
845,33,5,30,0,84.8995995171398,3.9020638572158834e-13,1.3002932064409833e-12
846,32,5,31,0,84.59644745589424,1.580957587066223e-13,7.596886083168405e-13
847,32,5,32,0,81.8277134975729,-7.697546304067752e-14,-3.4520534579011536e-13
848,33,5,31,0,83.57178216631611,5.216567918372069e-13,2.0564291010790234e-12
849,33,5,31,0,85.2091256626637,1.4622377382996394e-12,5.098144129078719e-12
850,32,5,31,0,89.49975247055399,-1.1102230246251565e-13,4.908666066209358e-13
851,33,5,31,0,81.11324363208301,7.934393882654452e-14,3.576398436659171e-13
852,32,5,31,0,85.29154898282759,1.3535839116229909e-12,5.5132195105519104e-12
853,32,5,32,0,93.60607609004866,1.2848981138328478e-13,-2.8066438062523957e-13
854,32,5,31,0,93.31099218788988,1.888859439228933e-13,-8.289665250534502e-14
855,32,5,32,0,90.94074387706154,-1.3322676295501878e-14,2.4868995751603507e-14
856,32,5,32,0,93.6060760900487,-1.8089233814559216e-13,2.972437111263086e-13
857,32,5,31,0,74.47152693854223,-8.467300934474527e-14,6.057376822354854e-13
858,32,5,32,0,90.78710564397976,-1.8947806286936004e-14,3.718506983811191e-13
859,31,5,32,0,89.00621533777837,-1.0125233984581428e-13,9.947598300641403e-14
860,32,5,32,0,89.40211699062665,-5.0922229396140515e-14,-3.0790185216271006e-14
861,33,5,31,0,82.67180943685094,2.4399837705857408e-08,1.0859006257154154e-07
862,33,5,30,0,90.51522150956987,1.9539925233402755e-14,-1.5039821240255455e-13
863,31,5,32,0,98.44574199190971,4.973799150320701e-14,8.289665250534502e-14
864,32,5,32,0,90.09236862075947,1.3707553610705267e-13,1.8000415972589204e-13
865,32,5,32,0,90.51903260692673,3.019806626980426e-14,1.8947806286936006e-13
866,32,5,31,0,79.0644156457336,9.592326932761353e-14,6.915949294731641e-13
867,32,4,32,0,80.08101459657723,-4.9441932029973636e-14,3.706664604881856e-13
868,32,5,32,0,89.4492260508492,1.1546319456101628e-13,-2.1197858283509655e-13
869,31,5,32,0,84.99558264499444,1.4802973661668755e-15,-3.7717976889931987e-13
870,32,5,31,0,88.11802574730086,-1.2967404927621828e-13,4.4290497195712913e-13
871,33,5,31,0,83.63530562744285,7.994578036611225e-09,3.966014775850605e-08
872,33,5,31,0,85.38179798086468,5.654735938757464e-14,2.7119047748177155e-13
873,33,5,31,0,87.70180814285878,4.144832625267251e-14,2.3211062701496604e-13
874,33,5,31,0,87.70180814285841,-6.365278674517565e-14,-4.026408835973901e-14
875,31,5,32,0,92.11686951425033,-3.5823196261238386e-14,3.375077994860476e-14
876,33,5,31,0,94.28618190002241,-9.85878045867139e-14,-3.0790185216271006e-14
877,32,5,32,0,90.73485443014297,-4.7665575190573385e-14,2.830328564111066e-13
878,33,5,31,0,89.13285050231062,1.8710958708349304e-13,4.050093593832571e-13
879,32,5,32,0,92.89475981816057,1.438849039914203e-13,3.706664604881856e-13
880,33,5,31,0,79.72690029177984,9.829174511348053e-14,1.0658141036401503e-13
881,32,5,31,0,99.79381158249907,2.5461114698070258e-14,6.430411758628907e-13
882,32,5,31,0,90.97273911137361,4.3994437722479535e-13,2.0534685063466895e-12
883,32,5,32,0,91.02512163364108,3.878379099357213e-14,3.315866100213801e-14
884,33,5,31,0,81.42970855642409,2.0132044179869506e-14,2.042810365310288e-13
885,33,5,31,0,85.31798042890485,1.6579330501069005e-14,-9.355479354174652e-14
886,32,5,31,0,88.77288524279038,-1.9539925233402755e-14,4.2869411724192713e-13
887,32,5,32,0,87.96529184693422,-2.1316282072803006e-14,5.009326287108706e-13
888,32,5,31,0,83.42717192837534,1.3737159558028604e-12,4.91399513672756e-12
