scenario,time_att1,time_att3
0,2.411997079849243,9.362498998641968
1,1.3195910453796387,5.1436779499053955
2,1.3433589935302734,7.136054039001465
3,2.0437519550323486,6.4493958950042725
4,1.8347058296203613,5.733628988265991
5,1.7314460277557373,5.298248052597046
6,2.272386074066162,6.0603179931640625
7,1.496039867401123,5.011863708496094
8,1.532496690750122,5.345541715621948
9,1.6147170066833496,5.493575096130371
10,2.0550451278686523,7.178575038909912
11,1.5289647579193115,5.93798303604126
12,1.4236819744110107,5.417805910110474
13,1.4326410293579102,6.247231960296631
14,1.3562159538269043,5.743196725845337
15,1.5193979740142822,5.153033018112183
16,1.892273187637329,5.790119886398315
17,1.322510004043579,4.604006767272949
18,1.8358840942382812,5.813169240951538
19,1.7176513671875,4.31945538520813
20,1.3222780227661133,4.193763017654419
21,1.4262299537658691,5.5269999504089355
22,1.427887201309204,5.11938214302063
23,2.0200350284576416,5.623434066772461
24,1.548119068145752,4.994630336761475
25,1.7359447479248047,4.499766826629639
26,1.631885051727295,5.100528717041016
27,1.4242854118347168,5.844505310058594
28,2.0381569862365723,6.260228872299194
29,1.5122959613800049,5.505661964416504
30,1.5324358940124512,5.013760089874268
31,1.4258460998535156,5.841930866241455
32,1.7237470149993896,5.000355958938599
33,1.5286309719085693,5.120217800140381
34,1.3010978698730469,5.836105823516846
35,1.7468740940093994,5.287907123565674
36,1.3236231803894043,4.701910972595215
37,1.7520041465759277,5.328887224197388
38,1.4983279705047607,5.112205743789673
39,1.5328822135925293,4.7117791175842285
40,1.3251628875732422,5.012922763824463
41,1.634721040725708,6.55419921875
42,1.6286978721618652,5.98358678817749
43,1.4813449382781982,5.6836771965026855
44,1.5268926620483398,6.240426778793335
45,1.5962321758270264,5.322145938873291
46,1.839637041091919,5.631108045578003
47,1.4321589469909668,5.837636232376099
48,1.220541000366211,4.332928895950317
49,1.3802552223205566,5.085113048553467
50,1.6312501430511475,4.759454965591431
51,1.7859079837799072,6.193047761917114
52,1.2210760116577148,4.29400897026062
53,1.3303349018096924,4.605472803115845
54,1.478531837463379,5.016815900802612
55,1.6382551193237305,4.914302110671997
56,2.046938896179199,5.428816795349121
57,1.5134820938110352,5.526679992675781
58,1.4263129234313965,5.732119798660278
59,1.2243239879608154,5.246232986450195
60,2.0161750316619873,6.525821208953857
61,1.8938548564910889,4.809693813323975
62,1.7415292263031006,5.32335901260376
63,1.5356671810150146,5.63667106628418
64,1.5259020328521729,6.237168073654175
65,1.6364500522613525,5.529195070266724
66,1.5315649509429932,5.630580902099609
67,1.3184008598327637,4.914844751358032
68,1.3261568546295166,5.197054862976074
69,1.4485859870910645,4.934431076049805
70,1.8378000259399414,5.628834962844849
71,1.431366205215454,5.121937990188599
72,1.4248650074005127,5.116199970245361
73,1.5308809280395508,6.178324937820435
74,1.8121459484100342,6.106839179992676
75,1.7097647190093994,6.524555921554565
76,1.4292550086975098,5.2568440437316895
77,1.595444917678833,5.3914220333099365
78,1.5268700122833252,5.526595115661621
79,2.282626152038574,5.856092929840088
80,1.4563441276550293,5.314910888671875
81,1.6050550937652588,5.482816934585571
82,1.2836089134216309,4.519965887069702
83,1.3410382270812988,4.529361009597778
84,1.2805986404418945,5.38733172416687
85,1.5079200267791748,5.459712982177734
86,1.4329190254211426,4.18859076499939
87,1.3363549709320068,4.870633840560913
88,1.3429019451141357,4.898682117462158
89,1.4714758396148682,5.221621990203857
90,1.5536339282989502,5.339998960494995
91,1.3551950454711914,4.713633060455322
92,1.4256892204284668,5.013153076171875
93,1.2494628429412842,4.397778749465942
94,1.8977258205413818,5.121665000915527
95,1.3243210315704346,5.478899955749512
96,1.5171022415161133,4.95850396156311
97,1.4367871284484863,4.648396968841553
98,1.6965439319610596,5.156866073608398
99,1.4114751815795898,4.404006242752075
100,1.8706440925598145,5.987957000732422
101,2.1884751319885254,6.313496112823486
102,1.2776150703430176,4.111943960189819
103,1.251175880432129,5.077328205108643
104,1.4556353092193604,4.736061096191406
105,1.863297939300537,6.34346604347229
106,1.6360130310058594,4.555041074752808
107,1.3716850280761719,5.584321975708008
108,1.4258089065551758,4.693695068359375
109,1.5269732475280762,5.130086183547974
110,1.3269410133361816,4.8101561069488525
111,1.4313042163848877,5.851146936416626
112,1.5172059535980225,5.102897882461548
113,1.4730069637298584,5.018975019454956
114,1.632861852645874,5.009582757949829
115,1.2953250408172607,5.836881160736084
116,1.328624963760376,5.326372861862183
117,1.4238040447235107,4.911400079727173
118,1.3259150981903076,4.876623153686523
119,1.6735739707946777,5.883018970489502
120,1.8254389762878418,5.61830997467041
121,1.3235478401184082,4.810693740844727
122,1.5299656391143799,6.245346784591675
123,1.7332112789154053,5.932381868362427
124,1.9165680408477783,6.5511579513549805
125,1.5335710048675537,5.940229177474976
126,1.7346110343933105,5.133946895599365
127,1.4116430282592773,4.590520143508911
128,1.4281017780303955,4.81244969367981
129,1.339313268661499,4.0943121910095215
130,1.5286383628845215,5.423412322998047
131,1.2629821300506592,4.404819965362549
132,1.4359848499298096,5.422374963760376
133,2.04129695892334,5.424907684326172
134,1.4258182048797607,4.946655035018921
135,1.4949769973754883,5.3297200202941895
136,1.8995957374572754,6.101583957672119
137,1.3706369400024414,4.70878791809082
138,1.986464023590088,5.4050421714782715
139,1.4456639289855957,5.851314067840576
140,1.7375609874725342,5.736925840377808
141,1.5312800407409668,5.627115964889526
142,1.5309293270111084,5.632649183273315
143,1.5279960632324219,4.912537097930908
144,1.3234970569610596,4.703704833984375
145,1.5331239700317383,5.466220140457153
146,2.0201151371002197,6.0017218589782715
147,1.430365800857544,5.322695970535278
148,2.110851764678955,6.041155815124512
149,2.2568299770355225,5.810733079910278
150,2.2629878520965576,5.760719060897827
151,1.2316927909851074,5.733098030090332
152,1.2161221504211426,4.873826026916504
153,1.5101118087768555,5.241595029830933
154,1.5103323459625244,4.999598264694214
155,1.6521151065826416,5.214807987213135
156,1.2878718376159668,4.832268953323364
157,1.5284042358398438,5.531588077545166
158,1.5264630317687988,5.605021238327026
159,1.9155609607696533,5.81478476524353
160,1.312917709350586,5.335062742233276
161,1.4609158039093018,5.117197036743164
162,1.3569490909576416,5.15186619758606
163,1.427699089050293,5.009328126907349
164,1.4328889846801758,6.553116083145142
165,1.258357048034668,5.325686931610107
166,1.4143180847167969,4.634956121444702
167,1.3903889656066895,5.292922735214233
168,1.7338759899139404,5.667187929153442
169,1.8001317977905273,5.998860836029053
170,1.5341310501098633,5.343063116073608
171,1.3676960468292236,5.097321033477783
172,1.5329599380493164,4.714392900466919
173,1.6342251300811768,5.619944334030151
174,1.4377598762512207,5.023275852203369
175,1.5281338691711426,4.916695833206177
176,1.427819013595581,4.9090728759765625
177,1.943084955215454,5.630852937698364
178,1.527730941772461,5.21819806098938
179,1.4127438068389893,5.119715929031372
180,1.381256103515625,5.11996603012085
181,1.4062261581420898,5.383130073547363
182,1.5711510181427002,5.263912200927734
183,1.423429250717163,5.317218065261841
184,1.3371667861938477,4.608899831771851
185,1.5286619663238525,4.417263031005859
186,1.3806419372558594,4.961133003234863
187,1.372999906539917,4.574296712875366
188,1.8554632663726807,5.6992082595825195
189,1.3194191455841064,5.213376998901367
190,1.3485307693481445,5.527698040008545
191,1.605647087097168,4.782043933868408
192,1.4550831317901611,5.148385047912598
193,1.3215820789337158,5.011765956878662
194,1.529479742050171,4.870246887207031
195,1.575974941253662,5.489511966705322
196,1.3024449348449707,4.787197828292847
197,1.3706049919128418,4.609611988067627
198,1.4285359382629395,5.322729825973511
199,2.2746591567993164,6.145496129989624
200,1.8270959854125977,5.005772113800049
201,1.5294280052185059,5.3309667110443115
202,1.6252951622009277,5.616725206375122
203,1.4341778755187988,5.3238420486450195
204,1.4318428039550781,5.633894920349121
205,1.3250138759613037,3.7379677295684814
206,1.4771192073822021,4.452331066131592
207,1.3206839561462402,4.918283939361572
208,1.4188258647918701,5.378981113433838
209,1.2584171295166016,4.389300107955933
210,1.9856500625610352,4.9485039710998535
211,1.5473089218139648,5.086950778961182
212,1.4971907138824463,4.792080879211426
213,1.4039881229400635,4.869039297103882
214,1.3240609169006348,4.8063271045684814
215,1.4394309520721436,5.219563961029053
216,1.6628820896148682,6.549945116043091
217,1.2304341793060303,5.347342014312744
218,1.3641207218170166,4.356889724731445
219,1.1690471172332764,4.629538059234619
220,1.3020508289337158,5.082528114318848
221,1.360330581665039,4.469353914260864
222,1.4983620643615723,4.717648029327393
223,1.5189001560211182,5.34520697593689
224,2.1837377548217773,5.665939807891846
225,1.5294690132141113,4.819962024688721
226,1.4202687740325928,5.314339637756348
227,1.2883272171020508,5.2182042598724365
228,1.2680110931396484,4.719014883041382
229,1.2774529457092285,5.313095808029175
230,1.8381922245025635,5.725308179855347
231,1.5350992679595947,5.954202175140381
232,1.5221400260925293,5.106548070907593
233,1.3856127262115479,5.463910818099976
234,1.4463191032409668,5.299792051315308
235,1.466653823852539,5.036819934844971
236,1.5899131298065186,6.095843076705933
237,1.6589901447296143,5.70012903213501
238,2.0427658557891846,6.033583879470825
239,1.5801150798797607,4.691272258758545
240,1.5862751007080078,5.989825963973999
241,1.936391830444336,5.52585768699646
242,1.6185650825500488,5.327615022659302
243,1.8691132068634033,5.935404062271118
244,1.8359568119049072,5.670964956283569
245,1.4859769344329834,5.494642972946167
246,1.20867919921875,5.002644062042236
247,1.532655954360962,5.258586883544922
248,1.590376853942871,5.555315017700195
249,1.3577477931976318,6.786621809005737
250,1.8531010150909424,5.939709901809692
251,1.5271852016448975,6.448903322219849
252,1.3263649940490723,4.912006855010986
253,1.635246753692627,5.837533950805664
254,1.6039507389068604,5.037503957748413
255,1.428997278213501,5.521498203277588
256,5.11394190788269,9.92225980758667
257,1.7218658924102783,7.476300001144409
258,1.6877827644348145,6.0175158977508545
259,1.9339981079101562,5.41820216178894
260,1.6415228843688965,5.833364009857178
261,1.599609136581421,5.53673529624939
262,1.4350481033325195,5.107605934143066
263,1.4799742698669434,4.400170087814331
264,1.4288127422332764,5.226155757904053
265,1.4857077598571777,4.7921271324157715
266,1.358550786972046,4.845655918121338
267,1.3025331497192383,4.552689075469971
268,1.5770859718322754,5.154568910598755
269,2.0182759761810303,6.018838882446289
270,1.6359763145446777,6.686359167098999
271,1.4405848979949951,4.567353010177612
272,1.3148040771484375,5.211617946624756
273,1.5371601581573486,5.322603940963745
274,1.547851800918579,5.787638902664185
275,1.8794949054718018,5.8782830238342285
276,1.3245980739593506,5.022485017776489
277,1.619706153869629,6.501291990280151
278,1.7827157974243164,5.481052875518799
279,1.3291270732879639,4.6883158683776855
280,1.7440831661224365,5.423558235168457
281,1.6643569469451904,5.2941648960113525
282,1.3618228435516357,5.882113933563232
283,1.9805009365081787,6.732880115509033
284,1.3268101215362549,4.953015089035034
285,1.7950890064239502,5.896963834762573
286,1.4939088821411133,5.016295909881592
287,1.8821589946746826,5.933645009994507
288,1.6068658828735352,5.5202476978302
289,1.533416986465454,5.630203723907471
290,1.528869867324829,4.912430763244629
291,1.6297237873077393,4.809077978134155
292,1.125931739807129,5.116727828979492
293,1.7361469268798828,5.836191654205322
294,1.5311329364776611,5.014917850494385
295,1.4288301467895508,4.603063106536865
296,1.4273850917816162,5.721616268157959
297,1.5399799346923828,5.456662893295288
298,1.5185089111328125,5.628293991088867
299,1.5123519897460938,5.614159107208252
300,1.4379839897155762,5.210485935211182
301,1.5357139110565186,5.225922107696533
302,1.861842155456543,5.644025087356567
303,1.4192068576812744,5.206531047821045
304,1.7912969589233398,5.210960865020752
305,2.1533470153808594,5.529575824737549
306,1.3331539630889893,5.8385169506073
307,1.532348871231079,4.914355039596558
308,1.3960368633270264,5.627839088439941
309,1.7713847160339355,6.278125047683716
310,1.4975240230560303,5.392056941986084
311,1.5295989513397217,4.97213888168335
312,1.369413137435913,5.455922842025757
313,1.3233330249786377,5.218577146530151
314,1.6369688510894775,5.053107023239136
315,1.4907917976379395,5.057604074478149
316,1.4055578708648682,5.259083986282349
317,1.7154178619384766,5.197701930999756
318,1.5410418510437012,4.916960954666138
319,1.5256881713867188,5.401737928390503
320,1.2407119274139404,4.929501056671143
321,1.3217668533325195,5.153533935546875
322,1.1923620700836182,4.763664960861206
323,1.4413261413574219,5.156524181365967
324,1.7359018325805664,6.116625070571899
325,1.3292040824890137,5.107618093490601
326,1.7456231117248535,5.936546087265015
327,1.9368140697479248,5.836071968078613
328,1.214846134185791,6.351938962936401
329,1.4139831066131592,4.86115288734436
330,2.1686971187591553,4.033788204193115
331,1.3225908279418945,5.352664947509766
332,1.598459005355835,4.88277006149292
333,1.53599214553833,5.521305084228516
334,2.2525200843811035,6.042744159698486
335,1.4439771175384521,5.028602123260498
336,1.3886451721191406,4.078575134277344
337,1.5246338844299316,5.352076768875122
338,1.3091418743133545,5.197021007537842
339,1.8345930576324463,4.496455907821655
340,1.3250610828399658,4.913522243499756
341,1.2233221530914307,5.218202114105225
342,1.632922887802124,4.708327054977417
343,1.429853916168213,5.226193904876709
344,1.334784984588623,5.010917901992798
345,1.535902976989746,5.733953952789307
346,2.551309108734131,6.34164023399353
347,1.6298670768737793,5.322020053863525
348,1.9396400451660156,5.997781991958618
349,1.4699578285217285,4.9547882080078125
350,1.939784288406372,5.936254024505615
351,1.4262170791625977,5.216252088546753
352,1.2860400676727295,5.029997110366821
353,1.7257542610168457,5.514910936355591
354,1.7416298389434814,5.528839826583862
355,1.6355781555175781,5.428826093673706
356,1.9396159648895264,6.331378936767578
357,1.3499128818511963,5.660979986190796
358,1.8197047710418701,6.126199007034302
359,1.4292469024658203,5.63186502456665
360,1.6294300556182861,5.666697025299072
361,1.3892490863800049,5.2836222648620605
362,1.6363918781280518,6.9592719078063965
363,1.5335032939910889,4.916693925857544
364,1.4256830215454102,5.702384948730469
365,1.5582590103149414,5.1696131229400635
366,2.1242239475250244,6.562941789627075
367,1.4938039779663086,5.387234926223755
368,1.4289500713348389,4.914366960525513
369,1.5307860374450684,4.811482191085815
370,1.4265201091766357,4.758948087692261
371,1.6834139823913574,5.477403879165649
372,1.8686473369598389,6.142468214035034
373,1.679229974746704,5.625502824783325
374,1.4256792068481445,4.201796770095825
375,1.7294652462005615,5.731414079666138
376,1.5296838283538818,4.299777984619141
377,1.4199371337890625,5.620182991027832
378,1.2672970294952393,5.050513744354248
379,1.4937658309936523,5.390631914138794
380,1.5305240154266357,5.324200868606567
381,1.6320409774780273,5.757379055023193
382,1.3370728492736816,5.566870927810669
383,1.5699009895324707,5.1555891036987305
384,1.6905171871185303,5.9403932094573975
385,1.7332749366760254,4.625076770782471
386,1.4051079750061035,5.297780990600586
387,1.5350062847137451,4.9155261516571045
388,1.4262058734893799,5.6347126960754395
389,1.9330339431762695,6.032862901687622
390,2.1479010581970215,7.165877103805542
391,2.0426502227783203,6.1393210887908936
392,1.8419227600097656,6.044534921646118
393,2.2496049404144287,6.3490309715271
394,1.5267610549926758,6.344843864440918
395,1.3666901588439941,4.602354049682617
396,1.222790002822876,4.913590908050537
397,1.2215731143951416,4.50214695930481
398,1.4307899475097656,5.136545896530151
399,1.5114431381225586,5.407644987106323
400,1.8368911743164062,5.116270065307617
401,1.428278923034668,4.403455018997192
402,1.6306889057159424,5.435888767242432
403,1.2489919662475586,4.493048906326294
404,1.4324238300323486,4.7107367515563965
405,1.3217802047729492,4.906792163848877
406,1.389775037765503,4.4051079750061035
407,1.735093116760254,5.626878023147583
408,1.3280789852142334,4.506708860397339
409,1.430600881576538,5.428920030593872
410,1.4236721992492676,4.496548891067505
411,1.3308990001678467,4.710435152053833
412,1.428105115890503,4.400814056396484
413,1.4283027648925781,5.322613954544067
414,1.2592780590057373,4.399582147598267
415,1.5321850776672363,5.1254730224609375
416,1.7289748191833496,5.109800100326538
417,1.238759994506836,4.558431148529053
418,1.5515899658203125,6.089014053344727
419,1.429103136062622,5.115805149078369
420,1.739818811416626,5.431872844696045
421,1.2218689918518066,5.130601167678833
422,1.927685022354126,6.042834043502808
423,1.612152099609375,4.686448097229004
424,1.6812429428100586,5.6333489418029785
425,1.324711799621582,4.9099578857421875
426,1.6343717575073242,4.686118841171265
427,1.4507019519805908,5.071662902832031
428,2.2149345874786377,5.395572900772095
429,1.627981185913086,4.839457035064697
430,1.3941519260406494,4.872246026992798
431,1.805185079574585,5.134335041046143
432,1.416132926940918,5.324450969696045
433,1.4543633460998535,5.207651138305664
434,1.434131145477295,4.457880020141602
435,1.3783941268920898,5.98058295249939
436,1.4238221645355225,5.121852874755859
437,1.418612003326416,4.803666114807129
438,2.0441229343414307,5.597170114517212
439,1.357909917831421,5.119229078292847
440,1.355787992477417,3.966214895248413
441,1.4837770462036133,4.98204493522644
442,1.4134490489959717,4.895892143249512
443,1.7370271682739258,5.52905011177063
444,1.1225080490112305,4.39996075630188
445,1.6317470073699951,5.546633958816528
446,1.3992283344268799,5.872401237487793
447,1.6909701824188232,5.151813268661499
448,1.3258519172668457,5.218173027038574
449,1.6344740390777588,5.426209926605225
450,1.6317577362060547,5.640417814254761
451,1.3017442226409912,4.696101188659668
452,1.8640499114990234,6.742217063903809
453,1.8449888229370117,5.1114490032196045
454,1.6638569831848145,4.82963490486145
455,1.4909272193908691,5.624686241149902
456,1.528177261352539,5.934713125228882
457,1.839372158050537,5.832259178161621
458,1.9457411766052246,5.734593152999878
459,1.4881770610809326,4.500595808029175
460,1.527444839477539,5.013789892196655
461,1.631194829940796,5.934431076049805
462,1.836371898651123,5.879994869232178
463,1.5167169570922852,5.174574136734009
464,1.342231035232544,5.321209192276001
465,1.1949539184570312,5.1145148277282715
466,1.3598289489746094,4.6925599575042725
467,1.3458387851715088,4.82743501663208
468,1.8320116996765137,4.437719821929932
469,1.392204999923706,5.17755389213562
470,1.6310138702392578,4.607326984405518
471,1.2631850242614746,4.7250940799713135
472,1.3074438571929932,5.129980802536011
473,1.7051939964294434,5.314292907714844
474,1.6121418476104736,5.507417917251587
475,1.509361982345581,5.627195119857788
476,1.5007319450378418,5.838080883026123
477,1.7330870628356934,5.322534084320068
478,1.528520107269287,5.062434196472168
479,1.5924925804138184,5.477921009063721
480,1.4053688049316406,5.199253559112549
481,1.4480130672454834,6.7763330936431885
482,1.8683781623840332,5.668071269989014
483,1.9109089374542236,6.13454794883728
484,1.603646993637085,6.525895833969116
485,1.481693983078003,5.6514880657196045
486,1.829437017440796,5.287915945053101
487,1.5457510948181152,5.635270833969116
488,1.4725937843322754,5.226078748703003
489,1.7271909713745117,5.521636962890625
490,1.5219292640686035,4.087512969970703
491,1.4013988971710205,5.62602686882019
492,1.5343832969665527,5.118530035018921
493,1.6340892314910889,4.607262134552002
494,1.3032841682434082,5.0159080028533936
495,1.4758780002593994,4.917123079299927
496,1.423034906387329,5.008646011352539
497,1.5311009883880615,4.527266025543213
498,1.7234649658203125,5.254619121551514
499,1.315035104751587,4.857138156890869
500,1.324131965637207,4.500631093978882
501,1.5428218841552734,4.872422695159912
502,1.3630640506744385,4.855107069015503
503,1.838379144668579,5.318694114685059
504,1.9414148330688477,5.630807638168335
505,1.942514181137085,5.631752967834473
506,1.5320980548858643,5.221340894699097
507,1.3253650665283203,5.8350043296813965
508,1.7320282459259033,5.731426000595093
509,1.531278133392334,5.734230995178223
510,1.7350051403045654,5.014358043670654
511,1.629227876663208,5.936734914779663
512,1.707050085067749,5.937390089035034
513,1.6393208503723145,6.543080806732178
514,1.3372113704681396,3.9973959922790527
515,1.3263940811157227,5.831926107406616
516,1.8832740783691406,6.454275846481323
517,1.632436990737915,6.245495080947876
518,1.6328120231628418,4.622222185134888
519,1.5120596885681152,5.18781590461731
520,1.4684278964996338,6.051273822784424
521,1.3264598846435547,5.324785947799683
522,1.4159870147705078,4.7120139598846436
523,1.6328680515289307,6.040103912353516
524,1.632535696029663,5.231033802032471
525,1.5838189125061035,5.0056750774383545
526,2.285658836364746,6.240422964096069
527,2.1443850994110107,5.833526849746704
528,1.5316689014434814,5.529110908508301
529,1.529412031173706,5.119516849517822
530,1.2219569683074951,5.115746974945068
531,1.93992280960083,5.425971984863281
532,1.5422489643096924,5.218759298324585
533,1.8390929698944092,5.735960006713867
534,1.9335029125213623,5.3140599727630615
535,1.535099744796753,5.426417827606201
536,1.2288360595703125,4.813632965087891
537,1.6389009952545166,5.217206001281738
538,1.9431068897247314,5.796914100646973
539,2.0858428478240967,6.0817389488220215
540,1.5223479270935059,5.8239829540252686
541,1.5310702323913574,5.5308709144592285
542,1.937026023864746,5.5249269008636475
543,1.937546968460083,6.04095196723938
544,1.212799072265625,5.013616323471069
545,1.3226780891418457,5.135421991348267
546,1.450310230255127,5.000585079193115
547,1.4671988487243652,4.9949939250946045
548,1.344292163848877,5.118821144104004
549,1.2377970218658447,4.990034818649292
550,2.1888351440429688,5.673757076263428
551,1.4857227802276611,5.124516725540161
552,1.809514045715332,5.728468179702759
553,1.4194443225860596,5.10778021812439
554,1.6348769664764404,5.424706935882568
555,1.3276817798614502,5.323238849639893
556,1.2009799480438232,3.8949379920959473
557,1.627016305923462,6.008599042892456
558,1.613070011138916,5.654590845108032
559,1.7628002166748047,5.078606128692627
560,1.6732540130615234,4.78096079826355
561,1.500105857849121,5.41063380241394
562,2.0269439220428467,7.047628879547119
563,1.735403060913086,5.6357409954071045
564,1.3204128742218018,5.213615894317627
565,1.3537349700927734,4.579980134963989
566,1.4480431079864502,5.3452630043029785
567,1.380920171737671,4.06287693977356
568,1.47304105758667,5.026443958282471
569,1.1419708728790283,5.1554858684539795
570,1.305495023727417,5.20261287689209
571,1.2487030029296875,4.638309001922607
572,1.4054210186004639,5.6888837814331055
573,1.394385814666748,5.734701633453369
574,1.3231639862060547,5.635067939758301
575,1.4213168621063232,4.54619288444519
576,1.9051470756530762,5.653701066970825
577,1.4556758403778076,5.246833801269531
578,1.7387490272521973,5.73616623878479
579,1.328056812286377,4.7068517208099365
580,1.327099084854126,4.467332124710083
581,1.4910671710968018,4.442110061645508
582,1.7335386276245117,5.83159875869751
583,1.6340532302856445,5.221500873565674
584,1.4274570941925049,5.629157066345215
585,1.8378760814666748,5.841799974441528
586,1.6273910999298096,5.726868391036987
587,1.4296801090240479,4.781553268432617
588,1.969322919845581,6.169516086578369
589,1.6333520412445068,5.528784990310669
590,2.143151044845581,6.038981914520264
591,1.633805751800537,5.911385774612427
592,1.2511677742004395,5.14252781867981
593,1.3269851207733154,4.711761236190796
594,1.223017930984497,5.120787858963013
595,1.3224523067474365,5.218183279037476
596,1.4258098602294922,4.601351976394653
597,1.2275776863098145,5.124873876571655
598,1.5291321277618408,5.526287078857422
599,1.2229280471801758,5.219738006591797
600,1.3446810245513916,4.914287805557251
601,1.325423002243042,5.4240899085998535
602,1.3269848823547363,5.324709892272949
603,1.6350278854370117,5.5281147956848145
604,2.5519070625305176,6.424359321594238
605,1.245527982711792,5.55148983001709
606,1.5297811031341553,5.421624183654785
607,1.5297250747680664,5.1301350593566895
608,2.0347180366516113,5.515722036361694
609,1.2252721786499023,4.970300912857056
610,1.271177053451538,4.9611289501190186
611,1.2961039543151855,4.407423973083496
612,1.3180387020111084,4.909496784210205
613,1.166712760925293,5.420226097106934
614,1.6289820671081543,4.499895095825195
615,1.1849839687347412,4.627397060394287
616,1.611063003540039,5.546867847442627
617,1.27541184425354,4.396261930465698
618,1.3591699600219727,4.789146661758423
619,1.5170869827270508,5.312187194824219
620,1.118009090423584,5.216313123703003
621,1.2262401580810547,4.24102520942688
622,1.5893220901489258,5.893933057785034
623,1.5294909477233887,4.807054758071899
624,1.1276202201843262,3.9920380115509033
625,1.5345699787139893,4.711874008178711
626,1.941127061843872,5.320484161376953
627,1.4333381652832031,4.9188501834869385
628,1.424238920211792,4.909373998641968
629,1.73512601852417,5.015851974487305
630,1.327519178390503,6.139976978302002
631,1.5330548286437988,4.811915874481201
632,1.83906888961792,6.421314001083374
633,1.6786770820617676,5.0498740673065186
634,1.5233681201934814,4.7014830112457275
635,1.9403667449951172,6.5580737590789795
636,1.316946268081665,4.805964946746826
637,1.5329742431640625,5.016855001449585
638,2.0468616485595703,5.2266669273376465
639,1.7326619625091553,5.01756477355957
640,1.627816915512085,5.667845964431763
641,1.3871939182281494,5.383970737457275
642,1.2265510559082031,5.424689054489136
643,1.6364407539367676,4.606799840927124
644,1.4316349029541016,4.352669954299927
645,1.3776500225067139,4.863487005233765
646,1.5311548709869385,5.6304450035095215
647,1.5281081199645996,5.559852123260498
648,1.346186876296997,5.181957006454468
649,1.3096139430999756,4.332705020904541
650,1.365204095840454,5.703887939453125
651,1.4322919845581055,4.590156078338623
652,1.5321769714355469,5.3372862339019775
653,1.7346601486206055,5.218768119812012
654,1.9367122650146484,4.9114930629730225
655,1.4859931468963623,4.914703130722046
656,1.5274970531463623,5.115931987762451
657,1.4393939971923828,5.425112962722778
658,1.6321818828582764,5.115746021270752
659,1.6357159614562988,4.913266897201538
660,2.573582887649536,7.066821813583374
661,1.4286367893218994,4.274065732955933
662,1.172260046005249,4.52750825881958
663,1.3235671520233154,4.3005712032318115
664,1.172076940536499,4.502493858337402
665,1.5317440032958984,5.324642896652222
666,1.5288958549499512,5.733393907546997
667,1.3258931636810303,4.710021257400513
668,2.0410659313201904,5.936017036437988
669,1.4270751476287842,5.014533996582031
670,1.4277229309082031,4.9148218631744385
671,1.3248939514160156,5.117344856262207
672,1.5306522846221924,4.401451110839844
673,1.427109718322754,5.480695724487305
674,1.4754209518432617,5.161005973815918
675,2.2341628074645996,6.248807907104492
676,1.5799341201782227,4.811462163925171
677,1.5288300514221191,5.628242015838623
678,1.6343281269073486,5.441659927368164
679,1.9267709255218506,5.10316801071167
680,1.9403722286224365,5.016203880310059
681,1.8369839191436768,5.524695873260498
682,1.7383790016174316,5.937329053878784
683,1.536350965499878,5.532505989074707
684,1.2224969863891602,5.356029748916626
685,1.8069407939910889,6.719481706619263
686,1.4285383224487305,6.654543161392212
687,1.836942195892334,6.570003271102905
688,1.3367137908935547,5.712346792221069
689,1.5305469036102295,6.554322957992554
690,1.4450228214263916,5.0132927894592285
691,1.7321152687072754,5.115695238113403
692,1.5296070575714111,4.5916290283203125
693,1.3385491371154785,4.927155256271362
694,1.6324739456176758,5.324893951416016
695,1.6600980758666992,5.630332946777344
696,2.138293981552124,5.590461015701294
697,4.637917757034302,8.346511840820312
698,1.819612741470337,5.816495656967163
699,2.350064992904663,5.835604906082153
700,1.4278881549835205,4.715341091156006
701,1.419367790222168,5.010599851608276
702,1.425861120223999,4.910176038742065
703,1.6340181827545166,4.509277105331421
704,1.3219621181488037,4.2949440479278564
705,1.530014991760254,4.810557842254639
706,1.9400599002838135,5.530351877212524
707,2.340989828109741,6.339294910430908
708,1.2262639999389648,5.017461061477661
709,1.5314130783081055,6.548823833465576
710,1.4346342086791992,5.328318119049072
711,1.9891648292541504,5.625072002410889
712,1.739419937133789,6.0441789627075195
713,1.6544408798217773,4.91431188583374
714,1.477417230606079,5.425421237945557
715,2.0442440509796143,5.351649045944214
716,1.3964691162109375,4.370696306228638
717,1.5294950008392334,4.708850860595703
718,1.2234046459197998,4.299116849899292
719,1.6327810287475586,5.014801979064941
720,2.04233980178833,6.550131797790527
721,1.3281149864196777,5.220388174057007
722,1.6347451210021973,5.2223920822143555
723,1.8373589515686035,5.524719953536987
724,1.5340721607208252,5.161545276641846
725,1.4956910610198975,5.748633146286011
726,1.5771081447601318,5.367055892944336
727,1.4649908542633057,5.318972110748291
728,1.4356091022491455,5.33168625831604
729,1.4223370552062988,4.395493984222412
730,1.410649061203003,5.633050203323364
731,1.4242000579833984,4.808974266052246
732,1.3280882835388184,5.526928186416626
733,1.5313360691070557,4.709774017333984
734,1.4262638092041016,5.042731761932373
735,1.5030803680419922,5.366918325424194
736,1.7773141860961914,5.102132081985474
737,1.4744689464569092,5.003062009811401
738,1.8965108394622803,6.508296012878418
739,1.1670362949371338,4.400644302368164
740,1.3267250061035156,4.400844097137451
741,1.1206510066986084,5.005799770355225
742,1.131141185760498,4.0025951862335205
743,1.3231501579284668,5.01465916633606
744,1.42625093460083,4.710123062133789
745,1.501274824142456,5.320689916610718
746,1.3257920742034912,3.9920291900634766
747,1.8082640171051025,5.52933406829834
748,1.3814079761505127,5.628857135772705
749,1.410243034362793,5.012026071548462
750,1.8386518955230713,5.630630016326904
751,1.8382117748260498,5.22068190574646
752,1.4272921085357666,5.323389291763306
753,1.5285260677337646,5.424915075302124
754,1.5304272174835205,4.8120949268341064
755,1.5286619663238525,4.707472801208496
756,1.3028550148010254,4.707895994186401
757,1.4284698963165283,6.14267897605896
758,1.7354240417480469,5.345124959945679
759,1.7123792171478271,5.303828001022339
760,1.5263049602508545,5.320053815841675
761,1.9369311332702637,5.730218410491943
762,1.555906057357788,5.631545782089233
763,1.5294549465179443,4.886873960494995
764,1.7583591938018799,4.873366117477417
765,1.4891929626464844,4.155433893203735
766,1.4269800186157227,5.319331169128418
767,1.6219778060913086,6.14288592338562
768,1.3278751373291016,5.530393123626709
769,1.7338342666625977,4.912369251251221
770,1.6631641387939453,5.425572156906128
771,1.4276633262634277,5.732726097106934
772,1.3235630989074707,4.913057088851929
773,1.8375170230865479,5.118072748184204
774,1.8375139236450195,5.425415277481079
775,1.8360650539398193,5.996488094329834
776,1.6753082275390625,5.571635961532593
777,1.5270469188690186,5.114628791809082
778,2.1742451190948486,5.937443017959595
779,1.4486351013183594,5.016025066375732
780,1.3257977962493896,4.50573992729187
781,1.5279481410980225,5.118535280227661
782,1.322779893875122,4.435160875320435
783,1.3089399337768555,4.570296764373779
784,1.428318977355957,5.117992877960205
785,1.3261809349060059,4.606429100036621
786,1.8379120826721191,5.220255136489868
787,1.6388070583343506,5.119323253631592
788,1.3229248523712158,4.808703899383545
789,1.4275271892547607,5.527906894683838
790,1.947187900543213,4.942633867263794
791,1.4977021217346191,4.598963260650635
792,1.9153032302856445,7.4493701457977295
793,1.5291640758514404,4.9107441902160645
794,1.3290159702301025,5.2209672927856445
795,1.4284873008728027,5.426009178161621
796,1.3231141567230225,4.40074610710144
797,1.4257311820983887,4.681029796600342
798,1.4547309875488281,5.258252143859863
799,1.5199828147888184,7.668442726135254
800,1.8359251022338867,5.526352882385254
801,1.5290369987487793,5.322512865066528
802,11.260913848876953,14.641793966293335
803,1.6287150382995605,5.8330278396606445
804,1.2221009731292725,5.013309001922607
805,1.3273909091949463,4.710230112075806
806,2.0424962043762207,5.2181150913238525
807,1.7375078201293945,5.325150966644287
808,1.425457239151001,5.116324186325073
809,1.2237169742584229,5.15392279624939
810,1.5964338779449463,4.980141878128052
811,1.4101779460906982,4.809995889663696
812,1.6330287456512451,5.427628755569458
813,1.3227229118347168,4.808394908905029
814,1.7342660427093506,5.015058994293213
815,1.3221161365509033,4.292683124542236
816,1.4316411018371582,5.5310890674591064
817,1.531433343887329,5.323289155960083
818,1.325634241104126,6.138373851776123
819,1.779148817062378,4.6975648403167725
820,1.343595027923584,5.030781984329224
821,1.3257579803466797,3.992015838623047
822,1.2293951511383057,5.116351127624512
823,1.4295768737792969,5.222101926803589
824,1.2241382598876953,3.683976173400879
825,1.3249311447143555,4.196340084075928
826,1.5298810005187988,4.374197006225586
827,1.4549200534820557,4.432149887084961
828,1.2880198955535889,5.21698784828186
829,1.5269482135772705,5.421535015106201
830,1.5849058628082275,5.428121089935303
831,1.4256041049957275,4.808218002319336
832,1.9389269351959229,5.425589084625244
833,1.6305809020996094,4.603676795959473
834,1.1201632022857666,4.811561107635498
835,1.5298421382904053,5.640104055404663
836,1.3148057460784912,5.309154748916626
837,1.53348708152771,4.305490255355835
838,1.5277822017669678,4.70872688293457
839,1.6287181377410889,5.932496070861816
840,1.6346149444580078,4.8124330043792725
841,1.6329689025878906,4.6060028076171875
842,1.1211268901824951,6.040333032608032
843,1.3252160549163818,5.574129819869995
844,1.1744649410247803,5.274067163467407
845,1.3548460006713867,5.32293701171875
846,1.3259410858154297,5.221011161804199
847,1.4292840957641602,5.220962047576904
848,1.5321528911590576,5.450711965560913
849,1.7083508968353271,5.68793797492981
850,1.6529591083526611,5.852298974990845
851,1.4407851696014404,5.0182530879974365
852,1.5281007289886475,4.603945970535278
853,1.4284701347351074,4.508223056793213
854,1.526881217956543,4.922322988510132
855,1.26084303855896,4.489372968673706
856,1.323422908782959,4.603511095046997
857,1.1707770824432373,5.320744037628174
858,1.5339200496673584,5.224920988082886
859,1.426973819732666,5.830269813537598
860,1.6365938186645508,5.122318744659424
861,1.530029058456421,4.910081148147583
862,1.4310400485992432,4.714338064193726
863,1.5276288986206055,4.808701038360596
864,1.6787362098693848,4.914436101913452
865,1.3220648765563965,4.704849004745483
866,1.477982997894287,4.388239860534668
867,1.337446928024292,5.6427130699157715
868,1.9381659030914307,5.563374757766724
869,1.3908967971801758,4.874385833740234
870,1.6344449520111084,5.325064182281494
871,1.4279489517211914,4.813665866851807
872,1.2602119445800781,4.298904180526733
873,1.7325167655944824,5.013379812240601
874,1.2228007316589355,4.260500907897949
875,1.4659078121185303,5.25862979888916
876,1.4265940189361572,4.710301876068115
877,1.4254589080810547,4.399109125137329
878,1.939410924911499,5.936789035797119
879,1.2229278087615967,4.748337745666504
880,1.4896900653839111,4.561944961547852
881,1.2237460613250732,4.811821937561035
882,1.2232370376586914,5.421917200088501
883,1.4317169189453125,4.710979223251343
884,1.2276051044464111,3.7883269786834717
885,1.249380111694336,5.11552882194519
886,1.5323829650878906,4.715889930725098
887,1.3025360107421875,5.519748210906982
888,1.9689967632293701,5.425968885421753
889,1.6324143409729004,5.424417018890381
890,1.223803997039795,4.708558082580566
891,1.5313301086425781,5.134120941162109
892,1.3214337825775146,5.51113486289978
893,1.2202520370483398,5.322230815887451
894,1.8381221294403076,5.220628023147583
895,1.3258311748504639,4.811753273010254
896,1.5303850173950195,5.221089839935303
897,1.3237190246582031,5.320403099060059
898,1.046614170074463,5.1185760498046875
899,1.6368961334228516,5.426061153411865
900,1.4074139595031738,4.503021955490112
901,1.225306749343872,5.630500793457031
902,1.4272329807281494,4.811402082443237
903,1.4428551197052002,5.121607065200806
904,1.2194278240203857,4.470136880874634
905,1.2512199878692627,4.738070964813232
906,1.2235240936279297,4.707467079162598
907,1.3267858028411865,5.323722839355469
908,1.7415070533752441,5.426385164260864
909,1.4244921207427979,5.315734148025513
910,1.227065086364746,4.4052040576934814
911,1.428156852722168,5.22422981262207
912,1.5845587253570557,4.8071208000183105
913,1.631221055984497,5.015978097915649
914,1.625931978225708,5.424820184707642
915,1.5300841331481934,5.01689600944519
916,1.3237080574035645,5.013862133026123
917,1.2429242134094238,4.707977056503296
