scenario,cost_att1,cost_att3
0,187652.88623299997,179240.815837
1,164892.807517,114491.69152886022
2,114412.82116383733,114412.82116383733
3,111926.22342706543,111926.22342706543
4,114393.12084111516,114393.12084111516
5,107622.93353361193,107622.93353361193
6,111420.15619036314,108878.49716957321
7,108789.57530608172,105492.93152700001
8,108789.57530608172,108789.57530608172
9,108733.52676555405,106145.10428463726
10,112199.2629964195,112026.79251278452
11,112026.79251278452,112026.79251278452
12,114001.72043489343,114001.72043489343
13,106820.61999036379,106820.61999036379
14,109277.55020807074,109277.55020807074
15,106820.61999036379,106820.61999036379
16,108223.09200234489,108223.09200234489
17,109492.59265061095,109492.59265061095
18,108603.7150449968,108603.7150449968
19,187965.97251,187965.97251
20,187721.716316,111271.47179458209
21,187445.97251,108586.51059904369
22,105982.88543777453,99016.91812067539
23,108828.81877983593,108828.81877983593
24,187965.97251,187965.97251
25,187965.97251,187965.97251
26,104835.97105689807,104835.97105689807
27,107704.07705675428,107459.04940164118
28,108688.54573636553,108460.2086465505
29,176311.04019899998,171670.306963
30,105999.79073030155,103200.40525591924
31,105948.44993580722,105948.44993580722
32,99179.45014718,99179.45014718
33,105618.20700199614,105618.20700199614
34,105618.20700199614,105618.20700199614
35,105402.22811857873,105402.22811857873
36,105463.68619985605,105463.68619985605
37,105470.25452700177,105470.25452700177
38,108938.86107129378,108938.86107129378
39,107532.33812922596,107532.33812922596
40,110189.53246194126,110006.47362809509
41,109985.25146538319,109985.25146538319
42,187915.17658,185202.166707
43,109785.8238179024,102128.05425225975
44,110100.38861088165,110100.38861088165
45,109862.64051168099,109862.64051168099
46,109776.10877473946,106072.50420548135
47,109808.9630289698,109808.9630289698
48,187965.97251,152329.077107
49,107918.32507498172,107918.32507498172
50,187965.97251,187722.44442936478
51,106757.49044202898,106757.49044202898
52,178237.51463800002,178237.51463800002
53,116162.33340002828,116162.33340002828
54,111659.16161499354,111659.16161499354
55,114447.47696387248,114447.47696387248
56,116146.3137202756,108104.0533165619
57,111556.07282298655,111556.07282298655
58,111641.90606604023,111641.90606604023
59,114209.7588583054,114201.5031635295
60,108142.97833129429,107716.00543163039
61,187915.17658,160969.27167100002
62,113501.64841059156,113501.64841059156
63,114636.33963230687,114499.39846206307
64,110728.45315429733,110728.45315429733
65,110634.36770569728,110634.36770569728
66,110637.25607686839,110637.25607686839
67,113194.47183374311,113194.47183374311
68,110659.4453198425,110659.4453198425
69,108867.42722614648,108867.42722614648
70,108864.98908467792,96857.17824049998
71,108867.42722614648,108867.42722614648
72,108843.4680070798,108843.4680070798
73,109925.56106476324,109925.56106476324
74,112604.57756721618,110037.2627910498
75,114622.81963787373,111066.6436092981
76,114622.81963787373,113159.84475569233
77,110239.02313411384,110239.02313411384
78,107052.53102536022,107052.53102536022
79,113655.4289667586,113655.4289667586
80,108957.11301156733,108957.11301156733
81,187965.97251,178530.65627599997
82,108845.79815156655,108845.79815156655
83,114930.98481114968,114367.76160600001
84,112813.1342237751,109581.9722095377
85,115873.9121988826,115873.9121988826
86,187965.97251,115340.97283769227
87,112461.03668009432,112461.03668009432
88,187965.97251,112268.29005499999
89,187965.97251,187848.84884999998
90,117913.1476770189,117913.1476770189
91,187965.97251,121354.02553252615
92,187965.97251,175667.5752145
93,118325.35741301074,115575.70001029519
94,118325.35741301074,118325.35741301074
95,118325.35741301074,118325.35741301074
96,117983.41038112521,117983.41038112521
97,187965.97251,120054.86162570344
98,120054.86162570344,120054.86162570344
99,120121.11255483642,120054.86162570344
100,118820.29170719076,118820.29170719076
101,109813.74497541634,109813.74497541634
102,183417.966324,182617.914524
103,118820.29170719076,118820.29170719076
104,118901.18725999481,118901.18725999481
105,114613.40189667692,114613.40189667692
106,114658.55355181696,114613.40189667692
107,114613.40189667692,114612.90697679168
108,187965.97251,187547.00939300001
109,187965.97251,177602.32505
110,106906.80160048377,106906.80160048377
111,107774.2109783677,107774.2109783677
112,187965.97251,110288.86448831487
113,107834.20470799295,105995.28810957297
114,107834.20470799295,107834.20470799295
115,112606.50408536971,112606.50408536971
116,109917.77647208089,104463.214975
117,110002.19721046941,110002.19721046941
118,110002.19721046941,110002.19721046941
119,96662.82439040783,96662.82439040783
120,106609.86926905546,106609.86926905546
121,106869.40806073947,106869.40806073947
122,104143.75600399355,104143.75600399355
123,104143.75600399355,101130.9968870326
124,187965.97251,181111.75218775
125,104005.79512296892,102713.21079064535
126,106646.0544296847,106646.0544296847
127,106904.9681922206,106208.92717802468
128,104293.25108526251,104293.25108526251
129,163140.71274850002,105680.77937741655
130,102561.33727121766,102561.33727121766
131,187965.97251,187165.92070999998
132,102754.44503376995,102754.44503376995
133,98885.75021647695,98885.75021647695
134,183056.009632,177976.752475
135,102467.53194067274,102467.53194067274
136,100487.57116493079,98295.23372399999
137,102491.76924341035,102291.97693319063
138,103803.98412767406,103803.98412767406
139,107715.83380299783,107475.23418159728
140,110000.72525325454,110000.72525325454
141,107719.98843508218,107719.98843508218
142,107719.98843508218,107719.98843508218
143,187965.97251,167417.32903000002
144,187757.133272,108626.81517383033
145,187965.97251,165861.6667625
146,111070.38751734678,111070.38751734678
147,111932.88127759055,111932.88127759055
148,111932.88127759055,110497.40904416173
149,111756.36807818868,111756.36807818868
150,103606.67103038,102306.17541608
151,187915.17658,172894.45350499998
152,107069.71543755011,107069.71543755011
153,115385.38180231591,111683.02408416933
154,183626.76408,115545.648502
155,115385.38180231591,115385.38180231591
156,109993.8678153074,109993.8678153074
157,116307.73590613293,116193.67216334035
158,113789.19480814379,113789.19480814379
159,113759.88033363811,113759.88033363811
160,113789.19480814379,113789.19480814379
161,113789.19480814379,113789.19480814379
162,117519.5468290703,117519.5468290703
163,117589.397728161,117589.397728161
164,117641.70239630347,117641.70239630347
165,108249.38396139132,108249.38396139132
166,115580.54157304588,115580.54157304588
167,118052.10248923876,118052.10248923876
168,117001.79789799958,117001.79789799958
169,119190.18186090213,119190.18186090213
170,116904.09325326652,116904.09325326652
171,119272.56938585357,119272.56938585357
172,187965.97251,180012.05117799997
173,116883.78869489077,115253.54195917185
174,119272.56938585357,117837.61712051343
175,117840.45472323382,115028.55796604877
176,117448.06082070233,117448.06082070233
177,121543.8348978516,121543.8348978516
178,119848.80468522946,119848.80468522946
179,186336.517402,175643.038386
180,116010.0856029842,116010.0856029842
181,107509.1636540328,107509.1636540328
182,116568.59929480993,116568.59929480993
183,116542.64337892272,116542.64337892272
184,187965.97251,162976.194269
185,183576.009632,119051.75893685671
186,117103.40431795015,117103.40431795015
187,114545.2143628989,114545.2143628989
188,114604.03267855658,114604.03267855658
189,183677.56001,117229.58661200879
190,99214.86710317999,96189.49428768
191,115155.24997335853,101365.72693349999
192,115475.04178539543,115475.04178539543
193,115433.4831503174,114873.81768561406
194,121325.6220645773,121273.24238374364
195,118932.1485660012,118787.52474474309
196,121325.6220645773,121325.6220645773
197,121158.98231643015,121158.98231643015
198,122150.58581971655,122150.58581971655
199,124470.62704286563,124470.62704286563
200,124451.77243676336,124451.77243676336
201,124470.62704286563,124470.62704286563
202,187965.97251,186169.05807499998
203,129322.05596378316,129322.05596378316
204,128016.22560171878,128016.22560171878
205,187772.70262099997,176323.82900000003
206,121948.7099716879,121948.7099716879
207,123007.48788607448,123007.48788607448
208,120359.31680030795,120359.31680030795
209,183106.805562,125285.07138468478
210,184146.76408,183745.42137999999
211,118519.67274404403,118519.67274404403
212,123419.31872948924,119712.41456384516
213,121795.46434013512,121795.46434013512
214,119419.03584809125,119419.03584809125
215,117600.98201202188,117600.98201202188
216,115110.88616934001,115110.88616934001
217,115282.70077979575,115282.70077979575
218,119419.03584809125,119419.03584809125
219,111169.84401222254,104125.02319355811
220,110981.57427763127,110981.57427763127
221,110981.57427763127,110981.57427763127
222,99838.25853038,94639.73764119999
223,111169.84401222254,111169.84401222254
224,154073.79246199998,103706.812196
225,109769.12368160285,109751.4611149249
226,109750.97192163285,109750.97192163285
227,109983.54363347946,109983.54363347946
228,107178.13017119389,105848.82166658118
229,106524.92398888887,103299.26859378634
230,107591.64895900147,107591.64895900147
231,107567.8857024202,107567.8857024202
232,107703.47696844899,107703.47696844899
233,105252.95898873292,105252.95898873292
234,110224.25422433518,107441.33913667765
235,107754.2567492363,104262.35885678486
236,105098.44001963259,105098.44001963259
237,107040.95360932562,107040.95360932562
238,187965.97251,181597.31196700002
239,108295.70594199999,106088.23869118
240,104318.7167042399,104318.7167042399
241,104243.27600248596,104243.27600248596
242,104896.40606257986,104896.40606257986
243,104968.8776708684,94379.6172888427
244,106358.93595789518,106358.93595789518
245,104968.8776708684,101268.13616002923
246,107691.03031532,107691.03031532
247,105173.66744219413,104508.53519662577
248,105001.62164085759,105001.62164085759
249,107879.02677964391,107879.02677964391
250,110150.87736843653,110150.87736843653
251,111335.6318831888,111335.6318831888
252,113910.37369144427,113789.89967087575
253,106277.90558044576,100962.27382337478
254,187965.97251,187965.97251
255,113910.37369144427,113763.12116296301
256,117674.28946146514,117674.28946146514
257,120099.2347010155,120099.2347010155
258,120099.2347010155,119477.93076324555
259,187965.97251,119102.30323763893
260,123289.59885044124,121628.06831214091
261,120947.70940431675,120947.70940431675
262,120947.70940431675,120947.70940431675
263,187965.97251,124803.88142919716
264,99199.90112518,99199.90112518
265,122659.05662440487,119344.7889335982
266,124859.75395621486,124859.75395621486
267,124874.57932032518,124859.75395621486
268,122659.05662440487,119960.29311685328
269,124859.75395621486,124859.75395621486
270,124836.72777923453,124836.72777923453
271,187965.97251,124667.35448968352
272,124821.5275007459,124821.5275007459
273,187915.17458,186725.21231474998
274,122619.79557845589,121447.41948499875
275,123824.95241833772,123824.95241833772
276,126090.80615779897,126090.80615779897
277,113198.54889474281,113198.54889474281
278,185749.51442599998,185749.51442599998
279,152069.034103,116534.13039233536
280,126697.29183767321,126697.29183767321
281,125875.6303327051,125875.6303327051
282,126731.57656795732,126731.57656795732
283,128099.68307123342,128099.68307123342
284,126731.57656795732,126731.57656795732
285,126135.34329849448,126132.69606265372
286,125269.53273766143,125269.53273766143
287,126132.69606265372,126132.69606265372
288,123724.23250762673,119348.49875861601
289,125992.79460965916,125988.80044978751
290,176877.590658,170486.09251850002
291,187736.682294,125988.80044978751
292,125988.80044978751,125988.80044978751
293,127041.1364923446,110556.89977294157
294,124900.2007527088,124900.2007527088
295,127035.45381941863,127035.45381941863
296,124795.87921041214,124795.87921041214
297,119569.51832243441,118318.62820257324
298,127492.04662292979,127492.04662292979
299,128832.3981087811,128149.14989487185
300,187965.97251,177899.134876
301,127492.04662292979,127492.04662292979
302,129865.72583502249,129865.72583502249
303,128783.647368449,128783.647368449
304,130835.80831141307,130188.34395902648
305,127429.91122174214,124713.63049049999
306,127729.05385979885,127729.05385979885
307,133262.6391196614,133262.6391196614
308,133207.75557880054,133207.75557880054
309,183626.76408,123770.34978116503
310,131299.7263218912,131299.7263218912
311,187965.97251,187965.97251
312,134338.64953273188,134338.64953273188
313,106843.79146310319,106843.79146310319
314,132450.03203827553,132450.03203827553
315,132388.3117272579,132388.3117272579
316,134338.64953273188,134338.64953273188
317,134231.58301169227,134231.58301169227
318,134380.33519883343,134293.33217358522
319,132202.3120817358,131034.67858855911
320,135319.21017541876,135319.21017541876
321,134231.58301169227,132271.205542
322,131923.69851421987,131923.69851421987
323,130187.55807536046,130187.55807536046
324,131969.45997237708,131969.45997237708
325,129954.76785928864,129954.76785928864
326,133094.35376604067,130813.17478548823
327,129790.85294703335,129790.85294703335
328,129790.85294703335,129790.85294703335
329,129790.85294703335,129790.85294703335
330,126691.63198612082,126691.63198612082
331,129001.88211502967,129001.88211502967
332,93384.94310526706,93384.94310526706
333,120199.83143324309,120199.83143324309
334,120195.01492865014,120195.01492865014
335,120199.83143324309,120199.83143324309
336,187915.17658,105371.2457265868
337,187611.38173,176767.46137050004
338,121353.24716454811,121353.24716454811
339,134374.817619,101438.9991422455
340,121353.24716454811,121353.24716454811
341,120433.47387522647,120433.47387522647
342,187965.97251,120967.44994877742
343,121023.25722372023,120990.69472957097
344,121023.25722372023,120998.248530374
345,121023.25722372023,121023.25722372023
346,118663.69806225979,118663.69806225979
347,169495.54240200002,120997.0213617554
348,187965.97251,187965.97251
349,180202.5980973,111892.73940223467
350,99214.86710317999,99214.86710317999
351,121052.49560329948,121052.49560329948
352,117823.99227380454,117823.99227380454
353,116108.75402133331,110531.0020583455
354,120293.9966085312,120293.9966085312
355,116112.00723916832,116112.00723916832
356,118575.25330438318,116309.213269042
357,119067.85683953008,119067.85683953008
358,116715.52569510714,116715.52569510714
359,116701.37851504477,115869.07520309697
360,113448.54492438435,113448.54492438435
361,116701.37851504477,116701.37851504477
362,118275.2728648368,116692.57698874752
363,114411.9244584363,114411.9244584363
364,122456.78248638588,117041.2156015
365,118243.05574152133,118243.05574152133
366,115126.21035870003,112162.4389922203
367,126304.39731593868,126304.39731593868
368,184872.091746,179465.51029299997
369,187965.97251,139456.3160355
370,187965.97251,176602.554921
371,127202.32936720978,127202.32936720978
372,187965.97251,180500.883686
373,131886.79274400836,131886.79274400836
374,187965.97251,187965.97251
375,186690.306848,129160.048095644
376,140592.53012653216,139779.6801039621
377,140080.18457730164,140051.30493903265
378,139362.543136577,139362.543136577
379,138262.77664409875,138262.77664409875
380,139957.63197100858,139957.63197100858
381,138217.42437664248,138217.42437664248
382,138380.4907464789,138380.4907464789
383,138466.44621522893,138466.44621522893
384,139327.6925907309,139327.6925907309
385,138466.44621522893,138466.44621522893
386,187965.97251,130196.54697972818
387,132948.53887037508,131811.48750629002
388,187965.97251,177177.765276
389,187965.97251,134854.0341339516
390,134043.16827071944,134043.16827071944
391,187445.97251,133533.70243928683
392,135922.42539164412,135922.42539164412
393,187721.716316,162426.13189400002
394,144739.22863348963,142399.61987242545
395,133587.11178728755,133587.11178728755
396,133587.11178728755,133587.11178728755
397,133659.76905805836,133659.76905805836
398,133753.5543339545,133753.5543339545
399,132958.1729453343,132958.1729453343
400,134649.38897367142,134649.38897367142
401,131340.25756799997,117557.42843608758
402,132632.8596951656,132632.8596951656
403,134776.4088110936,134713.83699206257
404,132340.3184731549,132340.3184731549
405,132340.3184731549,132340.3184731549
406,132389.10245699453,123038.25123099999
407,104606.71644635189,104606.69163387087
408,132389.10245699453,132389.10245699453
409,133220.25697492922,133220.25697492922
410,161840.47857938,119016.13851013259
411,187945.52153199998,135807.53019230804
412,187560.79443599997,135807.53019230804
413,135891.4655362818,135891.4655362818
414,183953.303816,118658.48271397718
415,135190.84427564024,135190.84427564024
416,186336.517402,137209.8144972828
417,111160.28269686647,111160.28269686647
418,144553.89022641347,134971.4559202784
419,142856.46193972562,141265.4305800727
420,144553.89022641347,144553.89022641347
421,144942.07549615542,144942.07549615542
422,187965.97251,145397.49547982475
423,143609.6972890902,143609.6972890902
424,143609.6972890902,143609.6972890902
425,145283.56762715496,145283.56762715496
426,187417.717106,138945.74136291764
427,143283.8899413918,143283.8899413918
428,142888.1726311719,142888.1726311719
429,187721.716316,178428.43735899997
430,144968.40423477453,144968.40423477453
431,139174.20281843244,139174.20281843244
432,139174.20281843244,139174.20281843244
433,137206.87141576887,137206.87141576887
434,139084.70214929487,139084.70214929487
435,137378.07516687782,137378.07516687782
436,136078.81620778405,134655.7351113601
437,134031.24364507786,131814.7772226891
438,137032.21251750307,137032.21251750307
439,136078.81620778405,136078.81620778405
440,187445.97251,132805.2637523282
441,187772.70262099997,132715.0184218453
442,132715.0184218453,105201.06166233892
443,134473.31425889346,133415.35800721336
444,130587.35827836247,130587.35827836247
445,127964.89841316467,127964.89841316467
446,130148.52775653018,130148.52775653018
447,131354.78081857637,131354.78081857637
448,119264.32951290863,111255.45203999999
449,130913.55301185095,124467.23442802067
450,119804.19527072026,119804.19527072026
451,187965.97251,122913.60784696785
452,124477.19872873255,122913.60784696785
453,187965.97251,177769.2355343
454,126112.89291481186,126112.89291481186
455,123880.3588154327,123880.3588154327
456,126076.09147031407,126076.09147031407
457,123943.41662213708,123943.41662213708
458,126112.89291481186,126112.89291481186
459,124380.68861405298,124380.68861405298
460,126631.538569863,126631.538569863
461,102245.94508057677,102245.94508057677
462,125998.55718899777,124450.84482203246
463,110601.96770893372,110601.96770893372
464,122760.2215643752,122760.2215643752
465,125054.5359516728,125054.5359516728
466,124165.24199534234,124165.24199534234
467,125810.0301463105,121464.43820213024
468,182913.303816,110950.74710033432
469,127663.0228444143,127663.0228444143
470,120403.356028,120403.356028
471,125441.08130223273,125441.08130223273
472,187237.133272,127506.04611880833
473,185635.945338,171998.84475699998
474,134962.2614265942,134962.2614265942
475,132347.65160567538,132204.07511799998
476,187965.97251,174171.151225
477,134896.24665758017,134896.24665758017
478,132347.65160567538,131721.27896628523
479,142604.38882877643,142604.38882877643
480,187965.97251,144682.12135013146
481,142662.35107146594,141524.06344428196
482,144286.0819147653,144286.0819147653
483,142652.26567811618,142652.26567811618
484,141222.7968853254,141222.7968853254
485,187965.97251,166059.551739
486,187705.97251,116677.14019043605
487,141212.38514954425,141212.38514954425
488,141315.53085966362,141315.53085966362
489,140500.97164258672,140500.97164258672
490,183106.805562,143108.03518463834
491,138308.41035975888,138308.41035975888
492,187965.97251,180078.475825
493,187965.97251,181700.135502
494,142568.4655271196,142568.4655271196
495,144113.01091011733,144113.01091011733
496,141938.35720676332,141938.35720676332
497,187965.97251,187837.354662
498,142492.0900266161,142492.0900266161
499,140800.57388918783,139988.4303795
500,176877.590658,134552.9187549913
501,183626.805562,124329.15556199999
502,140908.5105003367,140908.5105003367
503,139095.59619746663,139095.59619746663
504,136819.92905762323,136700.48043599998
505,139468.48709372303,139136.81342426472
506,139468.48709372303,139468.48709372303
507,139468.48709372303,115882.58863029118
508,139503.92360356505,139503.92360356505
509,141894.5148239113,141894.5148239113
510,140196.12753883208,140196.12753883208
511,141894.5148239113,141894.5148239113
512,141792.8627766025,141792.8627766025
513,115028.30808944559,115028.30808944559
514,139251.7522215903,139251.7522215903
515,141866.35161431407,141866.35161431407
516,187965.97251,187165.92070999998
517,138095.02163004797,138095.02163004797
518,138010.9908351156,138010.9908351156
519,138010.9908351156,138010.9908351156
520,183469.85542,121112.69427602057
521,136099.0153135049,135953.3677338991
522,133940.5535202871,133940.5535202871
523,133978.29584692686,133978.29584692686
524,108149.05772622774,108149.05772622774
525,187965.97251,187945.52153199998
526,134108.87047800518,134108.87047800518
527,142574.29758625655,142574.29758625655
528,142574.29758625655,142574.29758625655
529,176114.80209700004,176114.80209700004
530,143390.65216496147,132628.78682974738
531,142679.02500838888,142679.02500838888
532,147519.89811965905,147519.89811965905
533,146004.14944577738,146004.14944577738
534,147400.33073517538,146597.87533377204
535,147206.5688009266,147162.33582869923
536,148721.68723805767,148721.68723805767
537,147368.5293318913,147368.5293318913
538,148844.10065750542,135396.68326137878
539,148721.68723805767,148721.68723805767
540,143645.5001177473,143645.5001177473
541,144016.84949040346,144016.84949040346
542,172160.129711,172160.129711
543,144219.79877563578,144219.79877563578
544,144915.49370580257,144915.49370580257
545,144915.49370580257,134578.84183423035
546,144915.49370580257,144430.15398729756
547,142412.06035506242,134764.654232515
548,187965.97251,128282.97930904209
549,141978.16663934552,141978.16663934552
550,142080.5652351131,142080.5652351131
551,141978.16663934552,141978.16663934552
552,135733.91462030815,135733.91462030815
553,135733.91462030815,135733.91462030815
554,136400.43407880297,136400.43407880297
555,135733.91462030815,135733.91462030815
556,187965.97251,135847.9372687003
557,187579.24235699998,132529.62181298653
558,131741.40176043462,131741.40176043462
559,130397.76784182049,130397.76784182049
560,187965.97251,132529.62181298653
561,130044.60106895893,130044.60106895893
562,133219.15414281006,133219.15414281006
563,133219.15414281006,130140.24901374688
564,132053.25509614238,132053.25509614238
565,132053.25509614238,131427.8422672038
566,114415.16400329008,114415.16400329008
567,187721.716316,131105.73280251664
568,126128.8573811169,126128.8573811169
569,129079.85887254575,129079.85887254575
570,131375.7791581956,131083.73372949997
571,128580.17061345735,128580.17061345735
572,131601.75737482702,131601.75737482702
573,129521.52908908381,128532.03006890934
574,109842.55519167038,109842.55519167038
575,132784.28111454463,132196.187522
576,128504.84847317394,128504.84847317394
577,130636.40703523428,130636.40703523428
578,131854.94491798637,130672.44438008023
579,187965.97251,130636.40703523428
580,132499.53470206013,132499.53470206013
581,132449.96530213303,132449.96530213303
582,132499.53470206013,132499.53470206013
583,130367.00233133932,130367.00233133932
584,137590.00985312002,137590.00985312002
585,139455.95159375816,139455.95159375816
586,137775.00347925897,137775.00347925897
587,137590.00985312002,137590.00985312002
588,139455.95159375816,139455.95159375816
589,143654.33700631472,143654.33700631472
590,143541.47403342024,143541.47403342024
591,187287.717106,145135.58404308156
592,139834.46278893983,139834.46278893983
593,187965.97251,152734.04741272324
594,151187.52436778485,151187.52436778485
595,151187.52436778485,151187.52436778485
596,151383.134909915,151383.134909915
597,187965.97251,152283.16027250592
598,132607.84683157338,132607.84683157338
599,183056.009632,129652.10773907199
600,151376.4459987094,151376.4459987094
601,169191.74755200002,161252.02683775
602,143339.63358747182,143339.63358747182
603,153092.188518072,153025.6994179596
604,151751.80452666897,151751.80452666897
605,152964.05170876658,152964.05170876658
606,153085.93537046222,153085.93537046222
607,183056.009632,183056.009632
608,187965.97251,180597.23447750002
609,150414.0220514578,150414.0220514578
610,149124.77537466024,149124.77537466024
611,150414.0220514578,150414.0220514578
612,148643.50277572454,148643.50277572454
613,150274.3667727175,150274.3667727175
614,187965.97251,187179.833334
615,150149.45122380115,145075.0276545
616,148850.8399657204,148850.8399657204
617,153279.97842844625,148237.0100331751
618,187965.97251,186781.33129399997
619,132647.60574136506,132647.60574136506
620,154388.7048818199,154388.7048818199
621,150951.3358667059,150951.3358667059
622,146015.03089249908,146015.03089249908
623,187965.97251,171480.82524200002
624,149473.69422016383,149473.69422016383
625,151046.6305663811,151046.6305663811
626,142495.63637028143,141617.518974
627,142608.1375937962,142608.1375937962
628,144247.2025271253,144247.2025271253
629,142624.25034328867,142624.25034328867
630,144247.2025271253,144247.2025271253
631,187965.97251,148147.291699
632,146211.1316883231,146211.1316883231
633,144568.75403801567,144568.75403801567
634,187965.97251,140836.5660590853
635,144568.75403801567,144568.75403801567
636,145808.56389606572,145808.56389606572
637,145924.0157417504,144795.87761531526
638,145808.56389606572,145808.56389606572
639,144355.66508016933,144355.66508016933
640,187965.97251,166142.0488195
641,156347.93098995544,156347.93098995544
642,187965.97251,156347.93098995544
643,156218.8311986236,156218.8311986236
644,156218.8311986236,156218.8311986236
645,153544.492031057,153544.492031057
646,153641.48999082303,149398.4606967444
647,153749.11145366315,153749.11145366315
648,153749.11145366315,152873.86272429998
649,155009.96476795484,155009.96476795484
650,151360.3807985621,139839.89226614824
651,151567.12377077795,151567.12377077795
652,151446.62624382443,151446.62624382443
653,152661.1862176319,152661.1862176319
654,152773.06490258742,152773.06490258742
655,187965.97251,152186.2848126166
656,150825.9201091024,150825.9201091024
657,152058.93893194574,152058.93893194574
658,187965.97251,152058.93893194574
659,176186.4224212,173479.7030792
660,148253.95368507158,138324.13764073106
661,147699.82991502207,147699.82991502207
662,145984.38787829856,145984.38787829856
663,187721.716316,181195.13012599997
664,187721.716316,187721.716316
665,187965.97251,181553.88059308
666,144957.7309004875,144957.7309004875
667,187965.97251,148870.7822498582
668,123444.4466432743,123444.4466432743
669,140472.8323821696,140472.8323821696
670,140472.8323821696,140472.8323821696
671,140568.8532280085,138799.4428804928
672,140472.8323821696,140472.8323821696
673,185101.628456,131791.184424
674,138190.22512497572,138190.22512497572
675,139878.79545092175,139878.79545092175
676,187965.97251,139856.70458845788
677,138003.64421838592,138003.64421838592
678,134111.15152093553,134111.15152093553
679,182897.966324,182897.966324
680,135103.7240499263,135103.7240499263
681,134954.67165111715,134954.67165111715
682,139062.85771027888,139062.85771027888
683,137361.5340693309,137361.5340693309
684,137184.32874798524,137184.32874798524
685,139508.36474650906,139508.36474650906
686,137184.32874798524,137184.32874798524
687,137960.78502421125,137960.78502421125
688,187965.97251,173953.836257
689,138044.55086396175,138044.55086396175
690,139492.6590414529,139492.6590414529
691,137627.89513455695,137627.89513455695
692,137486.50203139114,137486.50203139114
693,135159.4652622172,135159.4652622172
694,180334.32431199998,139584.1401049372
695,187965.97251,141129.26423597464
696,114936.32822126288,114936.32822126288
697,123083.87050324606,123083.87050324606
698,141129.26423597464,141129.26423597464
699,138772.9747959939,138772.9747959939
700,139808.25767033632,131379.54464662736
701,144206.89435447517,144206.89435447517
702,144317.43537715223,144317.43537715223
703,142638.59267187596,142638.59267187596
704,163730.832562,119584.38305384168
705,147762.38987041274,147762.38987041274
706,147565.2209033737,147565.2209033737
707,184197.56001,183740.856523
708,149230.8281123389,149230.8281123389
709,149107.6798735815,148999.8445791036
710,148956.46143710634,144356.2959014554
711,125150.33145002079,125150.33145002079
712,149079.3269737926,149079.3269737926
713,149079.3269737926,149079.3269737926
714,149079.3269737926,149079.3269737926
715,146768.97357145068,146293.15532982157
716,148276.47124815077,148276.47124815077
717,148276.47124815077,148276.47124815077
718,146911.43802734357,144122.08435639399
719,146819.03861219497,146819.03861219497
720,146904.86557999745,146904.86557999745
721,146786.79498518337,146786.79498518337
722,145269.02829988155,128888.96056242457
723,146786.79498518337,146786.79498518337
724,143298.448512057,143298.448512057
725,145669.72672150584,145669.72672150584
726,187965.97251,182042.333033
727,144008.93719282857,144008.93719282857
728,139061.63818872612,139061.63818872612
729,141749.39257520981,141749.39257520981
730,114628.18873133366,114628.18873133366
731,187965.97251,136483.3206052438
732,140881.53444573437,140881.53444573437
733,139431.12191211182,139431.12191211182
734,132501.98831381375,132501.98831381375
735,139522.30768300564,139522.30768300564
736,187965.97251,178166.70559599999
737,137564.38369505483,137564.38369505483
738,136244.8280518372,136244.8280518372
739,187721.716316,136244.8280518372
740,136244.8280518372,136244.8280518372
741,136244.8280518372,136244.8280518372
742,136244.8280518372,136244.8280518372
743,131519.21180111976,131519.21180111976
744,133329.04224055476,133329.04224055476
745,131425.44841510532,131425.44841510532
746,133329.04224055476,133329.04224055476
747,134448.7128259624,133384.75790075288
748,137187.49204953172,137187.49204953172
749,137064.38480345844,137064.38480345844
750,138888.93106613276,138888.93106613276
751,136796.62858206668,136796.62858206668
752,137004.84802609167,137004.84802609167
753,144339.03028252904,138414.31580688324
754,140924.85384180158,140924.85384180158
755,187965.97251,140162.81224689688
756,184197.56001,178242.942524
757,146995.35850165613,146995.35850165613
758,145530.90909601774,145530.90909601774
759,145584.76303715093,145200.56201243453
760,144689.4108317172,143310.92708328168
761,184146.76408,147300.491931455
762,146442.65659247694,146442.65659247694
763,187965.97251,146442.65659247694
764,146442.65659247694,146442.65659247694
765,187721.716316,146559.83857379344
766,143754.98110106096,143754.98110106096
767,187965.97251,146474.1925161941
768,187965.97251,145424.0961354242
769,187965.97251,187165.92070999998
770,143754.98110106096,143754.98110106096
771,142223.54374909916,142223.54374909916
772,141973.02950977097,141973.02950977097
773,143975.90799759477,143743.6565127043
774,137817.97694944698,137817.97694944698
775,140410.64136745717,140410.64136745717
776,137634.87395013476,137634.87395013476
777,139499.42084551475,129811.8886155
778,137771.1294551901,137771.1294551901
779,137771.1294551901,137771.1294551901
780,138738.25986475445,138509.217736
781,137771.1294551901,137771.1294551901
782,183396.895938,182775.00136
783,132973.25142738022,132973.25142738022
784,133828.05737853408,133828.05737853408
785,133828.05737853408,133828.05737853408
786,135808.92910449972,135808.92910449972
787,136002.82210746614,136002.82210746614
788,136128.55130448262,136128.55130448262
789,187965.97251,143425.133166
790,183106.805562,136202.08002031714
791,187965.97251,165687.485094
792,130311.15440326527,130311.15440326527
793,135450.83759018863,135450.83759018863
794,133435.38102147044,133435.38102147044
795,135450.83759018863,135450.83759018863
796,133800.526150537,133800.526150537
797,130875.14724309428,130604.644141
798,131758.16903331087,131758.16903331087
799,131761.80096638043,131761.80096638043
800,131758.16903331087,131758.16903331087
801,134638.99334390994,134638.99334390994
802,132589.745680543,132589.745680543
803,135650.59762018835,135650.59762018835
804,134575.02136965404,134575.02136965404
805,132037.59551236272,132037.59551236272
806,187395.17658,187395.17658
807,138778.24427332848,138778.24427332848
808,138690.707262715,138690.707262715
809,140382.77596974504,140382.77596974504
810,140497.8920811669,140497.8920811669
811,141266.14520275677,140478.3925160511
812,140382.77596974504,140382.77596974504
813,141443.52926346048,141443.52926346048
814,141435.4774242518,141435.4774242518
815,143978.20184142518,143978.20184142518
816,143311.23718257988,143311.23718257988
817,141008.35974192628,141008.35974192628
818,141949.8451216977,141949.8451216977
819,141751.61115563256,141751.61115563256
820,141751.61115563256,141751.61115563256
821,187965.97251,141260.09399067707
822,142144.06594693652,142144.06594693652
823,142144.06594693652,142144.06594693652
824,187965.97251,187965.97251
825,187721.716316,187721.716316
826,187965.97251,124092.68912904609
827,138425.59986159683,138425.59986159683
828,136693.1274701638,129239.62294611456
829,136584.8763302815,135395.4228217384
830,136526.76676734144,136526.76676734144
831,136526.76676734144,136526.76676734144
832,187445.97251,187445.97251
833,140851.90671882548,140851.90671882548
834,137700.22586826183,137700.22586826183
835,139359.98110959918,139359.98110959918
836,135131.4881960087,135131.4881960087
837,187965.97251,187890.259115
838,135283.67030730232,135283.67030730232
839,135109.48343223264,135109.48343223264
840,135283.67030730232,135283.67030730232
841,134205.91023494952,134205.91023494952
842,134205.91023494952,134205.91023494952
843,134205.91023494952,124514.61246821399
844,184197.56001,174963.67300699998
845,131057.20472610377,131057.20472610377
846,131208.85911241494,131208.85911241494
847,131240.74250901074,126834.94438009772
848,131208.85911241494,131208.85911241494
849,133174.3737644922,133174.3737644922
850,134428.7512320939,134428.7512320939
851,187965.97251,178859.60837549999
852,159039.503597,136572.1061528811
853,135869.76034731325,135869.76034731325
854,135699.24421942403,135699.24421942403
855,187965.97251,128914.87453367349
856,135698.97096915814,133530.16577493394
857,137623.1905455628,137623.1905455628
858,141495.7409716282,141495.7409716282
859,141693.33349664678,141693.33349664678
860,142557.840971702,142557.840971702
861,141633.2327397272,141633.2327397272
862,143548.23527009424,143548.23527009424
863,187965.97251,182280.12597271998
864,145028.97317453337,145028.97317453337
865,145350.820389309,145350.820389309
866,142862.16470243162,142862.16470243162
867,143021.37873345913,140625.06361808986
868,142862.16470243162,142862.16470243162
869,141107.26085976983,141107.26085976983
870,142967.97704882268,142369.46763102425
871,139866.66421102156,138890.8422919502
872,137965.6160242524,132737.49292208807
873,140821.3379482246,140821.3379482246
874,138724.80972592393,134070.2336921284
875,139866.66421102156,139866.66421102156
876,138442.5306422145,138442.5306422145
877,138442.5306422145,138442.5306422145
878,187402.751128,186032.97080999997
879,138630.72944689132,138630.72944689132
880,187965.97251,187930.555554
881,137302.69368999664,137302.69368999664
882,134490.1984707785,133724.08126727247
883,133471.87814507764,133458.0041182557
884,114404.89980008363,114404.89980008363
885,136285.99718480342,136285.99718480342
886,131347.38582573805,131347.38582573805
887,129189.33857539114,129189.33857539114
888,131306.2159118603,131306.2159118603
889,131347.38582573805,131347.38582573805
890,131263.1572502115,131263.1572502115
891,129110.13303464725,129110.13303464725
892,131222.61925731594,131222.61925731594
893,129425.42121544306,129321.20517170527
894,128431.8048932079,128431.8048932079
895,130593.02623277655,130593.02623277655
896,130565.32899941535,130565.32899941535
897,120370.91170556449,120370.91170556449
898,130557.60319050158,130557.60319050158
899,126559.85199368985,126559.85199368985
900,126441.56547975384,126441.56547975384
901,129931.12959759636,129931.12959759636
902,126533.7131115423,126533.7131115423
903,128635.89872747549,128635.89872747549
904,182948.720772,110129.84794253427
905,130605.20462075395,130339.74068918073
906,130113.53660346507,129870.1136335
907,127913.12051737732,127913.12051737732
908,130081.86901872019,130081.86901872019
909,130493.01451426136,130493.01451426136
910,187965.97251,129245.14656788239
911,187965.97251,181548.017105
912,187965.97251,178250.195073
913,187965.97251,129220.48486815266
914,135795.99763085344,135795.99763085344
915,135795.99763085344,135795.99763085344
916,135795.99763085344,135795.99763085344
917,133844.58478409902,124230.92685199999
